dds_reference,operator_name,operator_address,operator_eori,supplier_name,commodity,hs_code,product_description,quantity_kg,estimated_annual_qty,country_of_production,geolocation_lat,geolocation_lon,production_date,prior_dds_reference,dd_confirmation,submission_date,risk_level,status,status_group
DDS-26-00000,Stonehouse Marketing Ltd,"Dublin, Ireland",IE1234567,Atlantic Mills,wood,4401,Firelogs 700g,18646.4,173632.06680026746,IE,,,2026-03-28,DDS-UP-7912,1,2026-06-30,low,flagged: missing_geo,missing_geo
DDS-25-00001,Stonehouse Marketing Ltd,"Dublin, Ireland",IE1234567,Connolly Pet Foods,wood,4401,Firelogs 700g,14937.0,182064.6488576349,IE,,,2025-07-31,,1,2025-10-12,low,flagged: missing_geo,missing_geo
DDS-25-00002,Stonehouse Marketing Ltd,"Dublin, Ireland",IE1234567,Longford Fuels,wood,4818,Toilet tissue rolls,21263.6,238521.63787273705,IE,54.09048238701957,-8.893369170440454,2025-06-18,DDS-UP-1711,1,2025-09-04,low,valid,valid
DDS-25-00003,Stonehouse Marketing Ltd,"Dublin, Ireland",IE1234567,Killeen Paper Mills,wood,4818,Toilet tissue rolls,17762.0,247093.02789985825,IE,53.68591939848333,-6.54364475618958,2025-06-19,DDS-UP-4733,1,2025-08-17,low,valid,valid
DDS-25-00004,Stonehouse Marketing Ltd,"Dublin, Ireland",IE1234567,Longford Fuels,soy,2309,Complete dog food (soy),5632.9,50847.24134861036,BR,-10.639769092894694,-53.99766872007775,2024-11-03,DDS-UP-2169,1,2025-01-03,standard,valid,valid
DDS-26-00005,Stonehouse Marketing Ltd,"Dublin, Ireland",IE1234567,Atlantic Mills,wood,4818,Toilet tissue rolls,8444.9,108350.38769759698,IE,,,2025-11-20,,1,2026-02-09,low,flagged: missing_geo,missing_geo
DDS-25-00006,Stonehouse Marketing Ltd,"Dublin, Ireland",IE1234567,Atlantic Mills,wood,4818,Toilet tissue rolls,12731.2,112763.16075341594,IE,54.62872914300516,-6.570897120581994,2025-05-15,,1,2025-07-01,low,valid,valid
DDS-26-00007,Stonehouse Marketing Ltd,"Dublin, Ireland",IE1234567,Connolly Pet Foods,wood,4818,Toilet tissue rolls,9368.9,102693.40303298477,IE,52.5882248255688,-7.446242029329379,2026-09-17,,1,2026-10-23,low,valid,valid
DDS-26-00008,Stonehouse Marketing Ltd,"Dublin, Ireland",IE1234567,Connolly Pet Foods,soy,2309,Complete dog food (soy),9849.7,136186.58417588516,BR,-11.520053994832649,-54.45855635951102,2026-02-11,,1,2026-03-14,standard,flagged: missing_prior,missing_prior
DDS-26-00009,Stonehouse Marketing Ltd,"Dublin, Ireland",IE1234567,Longford Fuels,cattle,2309,Beef pet food complete,3233.0,42853.795337456206,IE,54.45436535038733,-6.947366601225172,2026-05-22,DDS-UP-8433,1,2026-07-24,low,valid,valid
DDS-26-00010,Stonehouse Marketing Ltd,"Dublin, Ireland",IE1234567,Atlantic Mills,soy,1507,Soybean oil blend,12937.7,145371.5444678721,AR,-33.976954976187024,-65.18076753160689,2025-12-30,DDS-UP-7126,1,2026-04-06,standard,valid,valid
DDS-25-00011,Stonehouse Marketing Ltd,"Dublin, Ireland",IE1234567,Longford Fuels,soy,23x9,Complete dog food (soy),6366.6,82104.56187134601,AR,-34.03418287591315,-65.16439682403731,2025-05-13,DDS-UP-2290,1,2025-08-19,standard,flagged: invalid_hs,invalid_hs
DDS-25-00012,Stonehouse Marketing Ltd,"Dublin, Ireland",IE1234567,Millbrook Oils,cattle,2309,Beef pet food complete,10866.9,131915.53542758024,IE,53.22584713429619,-7.550589219515168,2025-02-28,DDS-UP-9835,1,2025-05-08,low,valid,valid
DDS-25-00013,Stonehouse Marketing Ltd,"Dublin, Ireland",IE1234567,Killeen Paper Mills,wood,4818,Toilet tissue rolls,6005.1,48299.89024313631,IE,52.92026150758788,-6.501157746071164,2025-07-13,DDS-UP-4770,1,2025-11-10,low,valid,valid
DDS-24-00014,Stonehouse Marketing Ltd,"Dublin, Ireland",IE1234567,Killeen Paper Mills,wood,4401,Firelogs 700g,7322.7,99684.54077700048,IE,54.516260039018384,-6.621093799238761,2024-04-30,DDS-UP-9834,1,2024-08-11,low,valid,valid
DDS-24-00015,Stonehouse Marketing Ltd,"Dublin, Ireland",IE1234567,Atlantic Mills,wood,4401,Firelogs 700g,11060.8,92081.46000642554,IE,53.21891882883378,-7.97882011554219,2024-06-01,DDS-UP-8651,1,2024-09-22,low,valid,valid
DDS-26-00016,Stonehouse Marketing Ltd,"Dublin, Ireland",IE1234567,Killeen Paper Mills,soy,1507,Soybean oil blend,5194.0,50232.58088840053,BR,-10.792136153693194,-55.48209218381511,2026-07-29,DDS-UP-3296,1,2026-09-28,standard,valid,valid
DDS-24-00017,Stonehouse Marketing Ltd,"Dublin, Ireland",IE1234567,Atlantic Mills,soy,2309,Complete dog food (soy),24982.4,338716.4230978135,BR,-9.575933265804892,-53.93209932259488,2024-07-30,,1,2024-09-28,standard,flagged: missing_prior,missing_prior
DDS-24-00018,Stonehouse Marketing Ltd,"Dublin, Ireland",IE1234567,Connolly Pet Foods,wood,4818,Toilet tissue rolls,552.8,6732.8546991410185,IE,52.44124189759754,-7.996879122351642,2024-04-08,DDS-UP-8454,1,2024-07-18,low,valid,valid
DDS-24-00019,Stonehouse Marketing Ltd,"Dublin, Ireland",IE1234567,Atlantic Mills,cattle,2309,Beef pet food complete,13783.8,149702.14537275682,IE,52.36969360180291,-8.546897304757476,2024-04-12,,1,2024-07-18,low,valid,valid
DDS-26-00020,Stonehouse Marketing Ltd,"Dublin, Ireland",IE1234567,Atlantic Mills,wood,4818,Toilet tissue rolls,21614.6,178070.80080227926,BR,-11.75966560427824,-55.94252511705783,2026-01-31,DDS-UP-5033,1,2026-03-12,standard,valid,valid
DDS-25-00021,Stonehouse Marketing Ltd,"Dublin, Ireland",IE1234567,Atlantic Mills,wood,4818,Toilet tissue rolls,8197.5,80335.35636990212,IE,53.36834814659587,-6.395881226790719,2024-12-18,DDS-UP-3144,1,2025-02-26,low,valid,valid
DDS-26-00022,Stonehouse Marketing Ltd,"Dublin, Ireland",IE1234567,Western Hygiene Supplies,soy,2309,Complete dog food (soy),2294.9,23164.842252160397,US,37.52794637065274,-94.63652223352072,2026-01-07,DDS-UP-5345,1,2026-02-14,low,valid,valid
DDS-26-00023,Stonehouse Marketing Ltd,"Dublin, Ireland",IE1234567,Millbrook Oils,soy,2309,Complete dog food (soy),24604.4,295429.4404565554,BR,-11.526759502928304,-53.99876513608058,2026-02-25,,1,2026-06-05,standard,flagged: missing_prior,missing_prior
DDS-24-00024,Stonehouse Marketing Ltd,"Dublin, Ireland",IE1234567,Western Hygiene Supplies,wood,4818,Toilet tissue rolls,18689.2,229983.18612724656,IE,54.61679001178131,-8.797126656819897,2024-08-31,DDS-UP-5616,1,2024-10-26,low,valid,valid
DDS-26-00025,Stonehouse Marketing Ltd,"Dublin, Ireland",IE1234567,Western Hygiene Supplies,cattle,23x9,Beef pet food complete,2761.3,34866.14906314458,IE,53.31622717429396,-8.446636243790318,2026-07-11,DDS-UP-5533,1,2026-10-30,low,flagged: invalid_hs,invalid_hs
DDS-26-00026,Stonehouse Marketing Ltd,"Dublin, Ireland",IE1234567,Western Hygiene Supplies,soy,1507,Soybean oil blend,2343.5,26419.54505651885,BR,-10.674493464417449,-54.382997659720026,2025-11-28,,1,2026-02-13,standard,flagged: missing_prior,missing_prior
DDS-26-00027,Stonehouse Marketing Ltd,"Dublin, Ireland",IE1234567,Western Hygiene Supplies,wood,4401,Firelogs 700g,22523.7,227986.50877481568,IE,52.18233655784641,-8.2752249502096,2026-07-15,DDS-UP-5088,1,2026-10-24,low,valid,valid
DDS-26-00028,Stonehouse Marketing Ltd,"Dublin, Ireland",IE1234567,Killeen Paper Mills,soy,2309,Complete dog food (soy),24417.0,198967.25159080845,BR,-10.138015469547861,-56.03633998500339,2026-09-03,,1,2026-11-14,standard,flagged: missing_prior,missing_prior
DDS-25-00029,Stonehouse Marketing Ltd,"Dublin, Ireland",IE1234567,Killeen Paper Mills,cattle,2309,Beef pet food complete,19790.7,184738.31384298587,IE,53.809721387864585,-6.9948273835163715,2025-01-21,DDS-UP-1634,1,2025-04-19,low,valid,valid
DDS-26-00030,Stonehouse Marketing Ltd,"Dublin, Ireland",IE1234567,Connolly Pet Foods,wood,4818,Toilet tissue rolls,8542.4,82645.58402696387,SE,61.21396910758902,14.168770641617426,2026-01-11,,1,2026-05-03,low,flagged: missing_prior,missing_prior
DDS-24-00031,Stonehouse Marketing Ltd,"Dublin, Ireland",IE1234567,Longford Fuels,wood,4401,Firelogs 700g,4874.9,42169.909464501965,IE,54.33098348981624,-8.206550395356778,2024-02-12,,1,2024-05-07,low,valid,valid
DDS-24-00032,Stonehouse Marketing Ltd,"Dublin, Ireland",IE1234567,Millbrook Oils,wood,4818,Toilet tissue rolls,5156.9,62507.521725541126,IE,53.10918165161182,-6.24729245205023,2024-07-04,DDS-UP-8144,1,2024-10-27,low,valid,valid
DDS-26-00033,Stonehouse Marketing Ltd,"Dublin, Ireland",IE1234567,Atlantic Mills,wood,4818,Toilet tissue rolls,21276.4,209693.98512209713,IE,54.64662345791394,-6.437687431345879,2026-01-12,,1,2026-04-04,low,valid,valid
DDS-26-00034,Stonehouse Marketing Ltd,"Dublin, Ireland",IE1234567,Connolly Pet Foods,wood,4818,Toilet tissue rolls,17094.3,167621.56464471685,IE,53.46323743300038,-8.624479721029557,2026-01-27,,1,2026-05-07,low,valid,valid
DDS-26-00035,Stonehouse Marketing Ltd,"Dublin, Ireland",IE1234567,Longford Fuels,soy,2309,Complete dog food (soy),11892.2,151773.1606794904,BR,-11.369451945352074,-54.14272351756726,2026-01-30,DDS-UP-4501,1,2026-03-22,standard,valid,valid
DDS-24-00036,Stonehouse Marketing Ltd,"Dublin, Ireland",IE1234567,Killeen Paper Mills,cattle,2309,Beef pet food complete,16983.5,140577.22408737018,IE,53.791561508914995,-7.342217583912873,2024-06-22,DDS-UP-4262,1,2024-09-20,low,valid,valid
DDS-26-00037,Stonehouse Marketing Ltd,"Dublin, Ireland",IE1234567,Atlantic Mills,wood,4401,Firelogs 700g,17560.7,212936.38545629848,IE,53.16624850514027,-6.541589272847055,2026-01-13,DDS-UP-4997,1,2026-02-25,low,valid,valid
DDS-25-00038,Stonehouse Marketing Ltd,"Dublin, Ireland",IE1234567,Millbrook Oils,cattle,2309,Beef pet food complete,6605.4,84605.26332609747,IE,54.21232956851943,-7.112264670775286,2025-07-30,,1,2025-11-22,low,valid,valid
DDS-25-00039,Stonehouse Marketing Ltd,"Dublin, Ireland",IE1234567,Atlantic Mills,wood,4401,Firelogs 700g,22354.5,200183.37266501988,IE,52.75189387239604,-6.934249959332662,2025-08-04,DDS-UP-9976,1,2025-11-02,low,valid,valid
DDS-26-00040,Stonehouse Marketing Ltd,"Dublin, Ireland",IE1234567,Connolly Pet Foods,wood,4401,Firelogs 700g,15855.3,149150.19616497267,IE,54.31958866352576,-8.368065940607778,2026-05-19,DDS-UP-2269,1,2026-07-30,low,valid,valid
DDS-26-00041,Stonehouse Marketing Ltd,"Dublin, Ireland",IE1234567,Atlantic Mills,wood,4818,Toilet tissue rolls,5741.8,60258.15498424101,IE,52.21512218454846,-8.50621556081544,2026-04-03,DDS-UP-6421,1,2026-05-29,low,valid,valid
DDS-24-00042,Stonehouse Marketing Ltd,"Dublin, Ireland",IE1234567,Millbrook Oils,soy,2309,Complete dog food (soy),9819.3,101530.77535999245,BR,-9.69061268305601,-53.6618138992297,2024-01-21,DDS-UP-6763,1,2024-04-13,standard,valid,valid
DDS-25-00043,Stonehouse Marketing Ltd,"Dublin, Ireland",IE1234567,Longford Fuels,wood,4401,Firelogs 700g,11178.0,142953.80941421323,IE,54.1996045128238,-6.506565957802414,2025-10-23,DDS-UP-6507,1,2025-12-13,low,valid,valid
DDS-26-00044,Stonehouse Marketing Ltd,"Dublin, Ireland",IE1234567,Millbrook Oils,soy,2309,Complete dog food (soy),14327.6,154310.98376195462,US,40.44216593255677,-94.89762911140248,2026-09-23,DDS-UP-8022,1,2026-10-29,low,valid,valid
DDS-26-00045,Stonehouse Marketing Ltd,"Dublin, Ireland",IE1234567,Longford Fuels,wood,4818,Toilet tissue rolls,18924.2,160693.65958016727,IE,53.164097975049444,-8.187498355778388,2026-09-08,,1,2026-10-10,low,valid,valid
DDS-24-00046,Stonehouse Marketing Ltd,"Dublin, Ireland",IE1234567,Atlantic Mills,cattle,2309,Beef pet food complete,1486.3,12072.14491845926,IE,54.65575907714576,-8.527333502840756,2024-06-19,DDS-UP-5051,1,2024-08-07,low,valid,valid
DDS-25-00047,Stonehouse Marketing Ltd,"Dublin, Ireland",IE1234567,Longford Fuels,wood,4818,Toilet tissue rolls,19289.0,173265.27227389062,IE,52.14316833832792,-6.356728933350045,2025-09-14,DDS-UP-2876,1,2025-11-22,low,valid,valid
DDS-26-00048,Stonehouse Marketing Ltd,"Dublin, Ireland",IE1234567,Connolly Pet Foods,wood,4818,Toilet tissue rolls,23566.0,297753.7072085632,IE,52.735871733184084,-7.167958139448774,2026-08-08,DDS-UP-4978,1,2026-12-03,low,valid,valid
DDS-25-00049,Stonehouse Marketing Ltd,"Dublin, Ireland",IE1234567,Connolly Pet Foods,wood,44x1,Firelogs 700g,16707.3,216091.97608683616,IE,54.75153305454401,-6.852093960916942,2025-06-21,DDS-UP-6590,1,2025-08-03,low,flagged: invalid_hs,invalid_hs
DDS-24-00050,Stonehouse Marketing Ltd,"Dublin, Ireland",IE1234567,Killeen Paper Mills,wood,4818,Toilet tissue rolls,18478.0,237427.43099066743,IE,54.47472504441531,-7.820781957194761,2024-09-13,,1,2024-12-20,low,valid,valid
DDS-25-00051,Stonehouse Marketing Ltd,"Dublin, Ireland",IE1234567,Killeen Paper Mills,cattle,2309,Beef pet food complete,20852.9,224966.3150993832,IE,54.27720379526227,-7.422576142808895,2025-03-23,DDS-UP-8385,1,2025-07-09,low,valid,valid
DDS-25-00052,Stonehouse Marketing Ltd,"Dublin, Ireland",IE1234567,Longford Fuels,cattle,2309,Beef pet food complete,20046.9,222515.8491144247,IE,53.28291951084776,-8.224957496333722,2025-10-19,DDS-UP-5526,1,2025-12-12,low,valid,valid
DDS-26-00053,Stonehouse Marketing Ltd,"Dublin, Ireland",IE1234567,Atlantic Mills,wood,4818,Toilet tissue rolls,17940.1,187050.7801315694,IE,,,2026-03-26,DDS-UP-1282,1,2026-05-26,low,flagged: missing_geo,missing_geo
DDS-25-00054,Stonehouse Marketing Ltd,"Dublin, Ireland",IE1234567,Atlantic Mills,wood,4818,Toilet tissue rolls,13984.5,132970.52825899242,IE,53.21978146627857,-7.607234206562697,2025-09-02,DDS-UP-8434,1,2025-10-17,low,valid,valid
DDS-26-00055,Stonehouse Marketing Ltd,"Dublin, Ireland",IE1234567,Killeen Paper Mills,cattle,2309,Beef pet food complete,5801.4,80541.20622939133,IE,54.02864319091731,-6.347367318819696,2026-04-02,DDS-UP-9595,1,2026-05-26,low,valid,valid
DDS-24-00056,Stonehouse Marketing Ltd,"Dublin, Ireland",IE1234567,Western Hygiene Supplies,wood,4818,Toilet tissue rolls,24370.2,305035.7752948081,IE,52.706802766341305,-7.075944542866907,2024-09-30,DDS-UP-3068,1,2024-11-12,low,valid,valid
DDS-25-00057,Stonehouse Marketing Ltd,"Dublin, Ireland",IE1234567,Western Hygiene Supplies,soy,2309,Complete dog food (soy),6685.7,56106.799624847314,AR,-34.09180916520847,-64.17859360559197,2024-11-01,,1,2025-02-01,standard,flagged: missing_prior,missing_prior
DDS-26-00058,Stonehouse Marketing Ltd,"Dublin, Ireland",IE1234567,Longford Fuels,wood,4818,Toilet tissue rolls,2586.9,32968.604716331654,IE,51.9608272228776,-8.752407246579034,2025-12-18,DDS-UP-7818,1,2026-02-14,low,valid,valid
DDS-26-00059,Stonehouse Marketing Ltd,"Dublin, Ireland",IE1234567,Connolly Pet Foods,cattle,2309,Beef pet food complete,7981.8,73805.52904021453,IE,54.52551313287141,-8.307940602447838,2026-01-09,DDS-UP-2625,1,2026-03-07,low,valid,valid
DDS-24-00060,Stonehouse Marketing Ltd,"Dublin, Ireland",IE1234567,Connolly Pet Foods,wood,48x8,Toilet tissue rolls,11537.3,141236.5689763802,IE,52.519595533024074,-7.544023263266723,2024-08-28,DDS-UP-5771,1,2024-12-25,low,flagged: invalid_hs,invalid_hs
DDS-26-00061,Stonehouse Marketing Ltd,"Dublin, Ireland",IE1234567,Millbrook Oils,soy,2309,Complete dog food (soy),16699.0,188153.88297252773,BR,-11.299728581519924,-55.7063361230233,2026-04-19,,1,2026-08-09,standard,flagged: missing_prior,missing_prior
DDS-26-00062,Stonehouse Marketing Ltd,"Dublin, Ireland",IE1234567,Millbrook Oils,wood,4818,Toilet tissue rolls,18849.5,203804.33434432308,IE,52.22670885633103,-9.02108588145846,2026-06-03,DDS-UP-5728,1,2026-08-10,low,valid,valid
DDS-24-00063,Stonehouse Marketing Ltd,"Dublin, Ireland",IE1234567,Western Hygiene Supplies,cattle,2309,Beef pet food complete,22290.9,181786.51037843488,BR,-10.498583468646224,-55.01861434196475,2024-07-01,,1,2024-08-29,standard,flagged: missing_prior,missing_prior
DDS-26-00064,Stonehouse Marketing Ltd,"Dublin, Ireland",IE1234567,Atlantic Mills,soy,1507,Soybean oil blend,20624.8,245621.91750603137,US,39.22559732765979,-93.64764116658094,2026-10-26,DDS-UP-3870,1,2026-12-30,low,valid,valid
DDS-24-00065,Stonehouse Marketing Ltd,"Dublin, Ireland",IE1234567,Longford Fuels,wood,4818,Toilet tissue rolls,10504.5,104822.53550439146,IE,53.70435415836226,-7.7248225934269605,2024-05-22,DDS-UP-2713,1,2024-09-17,low,valid,valid
DDS-24-00066,Stonehouse Marketing Ltd,"Dublin, Ireland",IE1234567,Western Hygiene Supplies,wood,4401,Firelogs 700g,8205.7,106260.23091117188,IE,53.00135676444096,-6.9185006838270295,2024-04-30,DDS-UP-7622,1,2024-05-30,low,valid,valid
DDS-25-00067,Stonehouse Marketing Ltd,"Dublin, Ireland",IE1234567,Connolly Pet Foods,cattle,2309,Beef pet food complete,15822.5,178720.16643656598,IE,53.03974271239796,-8.637252375816418,2025-06-12,,1,2025-08-17,low,valid,valid
DDS-26-00068,Stonehouse Marketing Ltd,"Dublin, Ireland",IE1234567,Killeen Paper Mills,wood,4818,Toilet tissue rolls,17889.7,153122.50788899633,IE,52.164278250087854,-6.280559552534918,2026-02-08,DDS-UP-1224,1,2026-03-24,low,valid,valid
DDS-26-00069,Stonehouse Marketing Ltd,"Dublin, Ireland",IE1234567,Millbrook Oils,wood,4401,Firelogs 700g,17782.6,168265.81526223052,IE,54.2964295213067,-7.704873485878414,2026-03-07,DDS-UP-8905,1,2026-06-15,low,valid,valid
DDS-24-00070,Stonehouse Marketing Ltd,"Dublin, Ireland",IE1234567,Western Hygiene Supplies,wood,4818,Toilet tissue rolls,7268.1,98886.06450074355,IE,53.5981327960247,-6.961122363522807,2024-08-25,,1,2024-11-27,low,valid,valid
DDS-26-00071,Stonehouse Marketing Ltd,"Dublin, Ireland",IE1234567,Atlantic Mills,wood,4818,Toilet tissue rolls,12496.2,124895.017047316,IE,53.97815294784059,-6.687572232180736,2025-11-21,DDS-UP-9824,1,2026-02-28,low,valid,valid
DDS-25-00072,Stonehouse Marketing Ltd,"Dublin, Ireland",IE1234567,Connolly Pet Foods,wood,4818,Toilet tissue rolls,6222.3,67436.40073122559,SE,61.20880504970221,16.442323893997784,2025-01-20,,1,2025-04-08,low,flagged: missing_prior,missing_prior
DDS-25-00073,Stonehouse Marketing Ltd,"Dublin, Ireland",IE1234567,Western Hygiene Supplies,wood,4818,Toilet tissue rolls,3593.0,30907.660093469887,IE,54.26224265512866,-6.2575455840206455,2025-09-24,,1,2025-12-19,low,valid,valid
DDS-26-00074,Stonehouse Marketing Ltd,"Dublin, Ireland",IE1234567,Killeen Paper Mills,wood,4818,Toilet tissue rolls,2333.3,27391.906955427872,SE,58.646042793745785,13.932466247900843,2026-07-16,,1,2026-10-04,low,flagged: missing_prior,missing_prior
DDS-25-00075,Stonehouse Marketing Ltd,"Dublin, Ireland",IE1234567,Longford Fuels,wood,4401,Firelogs 700g,15856.6,178324.8470416503,SE,61.15702400969768,16.0780265525048,2025-05-18,,1,2025-09-04,low,flagged: missing_prior,missing_prior
DDS-26-00076,Stonehouse Marketing Ltd,"Dublin, Ireland",IE1234567,Connolly Pet Foods,wood,4818,Toilet tissue rolls,24469.3,210510.45089378668,IE,54.562787296340886,-6.2077222311313545,2026-05-18,,1,2026-07-08,low,valid,valid
DDS-25-00077,Stonehouse Marketing Ltd,"Dublin, Ireland",IE1234567,Longford Fuels,cattle,2309,Beef pet food complete,11051.8,140967.00032862512,BR,-11.862027093968361,-54.11156960451336,2025-04-18,DDS-UP-7751,1,2025-06-08,standard,valid,valid
DDS-25-00078,Stonehouse Marketing Ltd,"Dublin, Ireland",IE1234567,Millbrook Oils,wood,4818,Toilet tissue rolls,4006.4,48080.983897938575,IE,52.94763289585062,-7.1505962601118584,2025-09-23,DDS-UP-5161,1,2025-12-21,low,valid,valid
DDS-25-00079,Stonehouse Marketing Ltd,"Dublin, Ireland",IE1234567,Millbrook Oils,soy,2309,Complete dog food (soy),7829.3,84094.62776871941,AR,-35.02607313378464,-64.17481064918856,2025-05-25,,1,2025-08-01,standard,flagged: missing_prior,missing_prior
DDS-26-00080,Stonehouse Marketing Ltd,"Dublin, Ireland",IE1234567,Millbrook Oils,wood,4818,Toilet tissue rolls,7748.9,92594.54212389853,IE,53.249624183177644,-8.488382894217276,2025-12-19,DDS-UP-1359,1,2026-02-22,low,valid,valid
DDS-26-00081,Stonehouse Marketing Ltd,"Dublin, Ireland",IE1234567,Atlantic Mills,wood,4818,Toilet tissue rolls,12669.8,162086.78765282422,SE,60.93493484731024,16.420808450483776,2026-07-17,,1,2026-11-01,low,flagged: missing_prior,missing_prior
DDS-26-00082,Stonehouse Marketing Ltd,"Dublin, Ireland",IE1234567,Atlantic Mills,soy,2309,Complete dog food (soy),17180.9,204075.48020372313,BR,-11.429604032168735,-55.74811959986915,2026-05-06,DDS-UP-2591,1,2026-07-14,standard,valid,valid
DDS-26-00083,Stonehouse Marketing Ltd,"Dublin, Ireland",IE1234567,Longford Fuels,cattle,2309,Beef pet food complete,18813.3,249441.09686412624,IE,52.89458369908541,-8.805764580738543,2026-08-16,DDS-UP-3165,1,2026-10-31,low,valid,valid
DDS-26-00084,Stonehouse Marketing Ltd,"Dublin, Ireland",IE1234567,Connolly Pet Foods,wood,4401,Firelogs 700g,24200.9,261611.44665091118,SE,61.091417858702194,14.270910253689786,2026-07-25,DDS-UP-6549,1,2026-09-02,low,valid,valid
DDS-26-00085,Stonehouse Marketing Ltd,"Dublin, Ireland",IE1234567,Millbrook Oils,wood,4818,Toilet tissue rolls,9461.5,82708.0089973267,BR,-9.419578209303534,-54.32734986377345,2026-10-01,,1,2026-12-17,standard,flagged: missing_prior,missing_prior
DDS-26-00086,Stonehouse Marketing Ltd,"Dublin, Ireland",IE1234567,Western Hygiene Supplies,cattle,2309,Beef pet food complete,17033.5,158891.94921476187,IE,53.5536802749565,-6.7327480963196775,2026-10-14,DDS-UP-6374,1,2026-11-21,low,valid,valid
DDS-24-00087,Stonehouse Marketing Ltd,"Dublin, Ireland",IE1234567,Western Hygiene Supplies,wood,4401,Firelogs 700g,23683.4,222832.37852850487,IE,53.90323149641283,-7.2522816611462275,2024-07-22,DDS-UP-9071,1,2024-10-28,low,valid,valid
DDS-26-00088,Stonehouse Marketing Ltd,"Dublin, Ireland",IE1234567,Connolly Pet Foods,wood,4818,Toilet tissue rolls,14889.8,177628.33641578906,IE,53.81145865655051,-6.970579635430486,2026-08-25,,1,2026-11-25,low,valid,valid
DDS-25-00089,Stonehouse Marketing Ltd,"Dublin, Ireland",IE1234567,Connolly Pet Foods,wood,4401,Firelogs 700g,23788.6,242739.10636223614,SE,59.43922042025737,15.570841991242691,2024-11-22,,1,2025-03-14,low,flagged: missing_prior,missing_prior
DDS-26-00090,Stonehouse Marketing Ltd,"Dublin, Ireland",IE1234567,Connolly Pet Foods,wood,48x8,Toilet tissue rolls,2746.0,25981.041149674456,IE,52.36942568648323,-8.83352084273821,2026-08-03,DDS-UP-1349,1,2026-09-18,low,flagged: invalid_hs,invalid_hs
DDS-26-00091,Stonehouse Marketing Ltd,"Dublin, Ireland",IE1234567,Killeen Paper Mills,cattle,2309,Beef pet food complete,8549.7,118876.47191315169,IE,54.289453511651395,-7.537376634616614,2026-01-18,DDS-UP-1046,1,2026-03-05,low,valid,valid
DDS-24-00092,Stonehouse Marketing Ltd,"Dublin, Ireland",IE1234567,Longford Fuels,wood,44x1,Firelogs 700g,19854.6,165078.9692401591,IE,52.12977904366831,-6.600656334479597,2024-08-29,DDS-UP-6304,1,2024-11-20,low,flagged: invalid_hs,invalid_hs
DDS-26-00093,Stonehouse Marketing Ltd,"Dublin, Ireland",IE1234567,Western Hygiene Supplies,wood,4401,Firelogs 700g,11574.1,155700.6974659945,IE,53.22873789626975,-6.865948882057392,2025-09-11,DDS-UP-1710,1,2026-01-03,low,valid,valid
DDS-25-00094,Stonehouse Marketing Ltd,"Dublin, Ireland",IE1234567,Connolly Pet Foods,wood,4401,Firelogs 700g,10943.7,108700.17073054722,IE,,,2025-10-18,DDS-UP-8267,1,2025-12-05,low,flagged: missing_geo,missing_geo
DDS-25-00095,Stonehouse Marketing Ltd,"Dublin, Ireland",IE1234567,Millbrook Oils,wood,4818,Toilet tissue rolls,13498.6,117255.37878862805,IE,53.69923017290304,-7.554930697854918,2025-03-21,DDS-UP-8048,1,2025-07-12,low,valid,valid
DDS-25-00096,Stonehouse Marketing Ltd,"Dublin, Ireland",IE1234567,Killeen Paper Mills,cattle,2309,Beef pet food complete,10638.4,131678.65820731345,IE,53.96251974997279,-8.554930801017509,2025-09-01,,1,2025-11-10,low,valid,valid
DDS-26-00097,Stonehouse Marketing Ltd,"Dublin, Ireland",IE1234567,Western Hygiene Supplies,wood,4818,Toilet tissue rolls,2735.0,27995.134962358577,IE,52.92290307030661,-8.742083225693829,2026-09-24,DDS-UP-8075,1,2026-11-09,low,valid,valid
DDS-24-00098,Stonehouse Marketing Ltd,"Dublin, Ireland",IE1234567,Longford Fuels,wood,4401,Firelogs 700g,21903.4,295587.74157662754,IE,53.484759241976214,-8.211062055751386,2024-10-01,,1,2024-11-06,low,valid,valid
DDS-25-00099,Stonehouse Marketing Ltd,"Dublin, Ireland",IE1234567,Atlantic Mills,soy,1507,Soybean oil blend,12313.6,139606.58339934942,AR,-34.445061442920554,-63.766244444830434,2025-01-23,,1,2025-03-08,standard,flagged: missing_prior,missing_prior
DDS-26-00100,Stonehouse Marketing Ltd,"Dublin, Ireland",IE1234567,Millbrook Oils,cattle,2309,Beef pet food complete,15532.5,185566.5812933564,IE,54.22166411345703,-6.664534516014926,2026-08-18,DDS-UP-1430,1,2026-12-14,low,valid,valid
DDS-25-00101,Stonehouse Marketing Ltd,"Dublin, Ireland",IE1234567,Western Hygiene Supplies,wood,4818,Toilet tissue rolls,4944.4,58339.134196243525,IE,53.90809631859681,-8.27304593351027,2025-06-24,DDS-UP-7566,1,2025-07-27,low,valid,valid
DDS-24-00102,Stonehouse Marketing Ltd,"Dublin, Ireland",IE1234567,Longford Fuels,wood,4818,Toilet tissue rolls,18179.1,154699.45515269483,IE,52.928583217110464,-7.839062627980948,2024-11-21,,1,2024-12-27,low,valid,valid
DDS-25-00103,Stonehouse Marketing Ltd,"Dublin, Ireland",IE1234567,Connolly Pet Foods,wood,4818,Toilet tissue rolls,12398.7,137304.16885041696,IE,51.94928747729887,-8.95525541740426,2025-08-20,DDS-UP-5475,1,2025-11-02,low,valid,valid
DDS-26-00104,Stonehouse Marketing Ltd,"Dublin, Ireland",IE1234567,Western Hygiene Supplies,wood,4818,Toilet tissue rolls,5902.7,57896.72840911736,IE,,,2026-03-12,,1,2026-05-08,low,flagged: missing_geo,missing_geo
DDS-25-00105,Stonehouse Marketing Ltd,"Dublin, Ireland",IE1234567,Connolly Pet Foods,cattle,2309,Beef pet food complete,4804.5,62459.10159315783,IE,52.66834139365231,-8.840046968883353,2025-10-07,DDS-UP-4770,1,2025-12-21,low,valid,valid
DDS-26-00106,Stonehouse Marketing Ltd,"Dublin, Ireland",IE1234567,Longford Fuels,wood,4818,Toilet tissue rolls,14606.1,152344.4542813286,SE,58.726906784688374,13.556224609756937,2026-08-29,DDS-UP-7843,1,2026-11-08,low,valid,valid
DDS-25-00107,Stonehouse Marketing Ltd,"Dublin, Ireland",IE1234567,Connolly Pet Foods,wood,4818,Toilet tissue rolls,21189.9,219836.7403786775,SE,59.980290705681426,15.56883012324057,2025-06-10,DDS-UP-7560,1,2025-08-18,low,valid,valid
DDS-26-00108,Stonehouse Marketing Ltd,"Dublin, Ireland",IE1234567,Millbrook Oils,cattle,2309,Beef pet food complete,12993.8,160658.91173983345,IE,54.13735360580979,-8.970861867580936,2025-12-21,,1,2026-04-12,low,valid,valid
DDS-26-00109,Stonehouse Marketing Ltd,"Dublin, Ireland",IE1234567,Atlantic Mills,soy,2309,Complete dog food (soy),2346.2,25300.760136071476,BR,-11.560667345166916,-55.90818459152805,2025-12-06,,1,2026-03-18,standard,flagged: missing_prior,missing_prior
DDS-26-00110,Stonehouse Marketing Ltd,"Dublin, Ireland",IE1234567,Millbrook Oils,cattle,2309,Beef pet food complete,8418.6,89561.9234739337,IE,54.57246277515698,-7.5065246497916025,2026-01-14,,1,2026-04-14,low,valid,valid
DDS-25-00111,Stonehouse Marketing Ltd,"Dublin, Ireland",IE1234567,Longford Fuels,wood,4818,Toilet tissue rolls,11812.7,99940.00178537004,IE,52.62402100245848,-9.031483639360767,2025-11-18,DDS-UP-7041,1,2025-12-29,low,valid,valid
DDS-26-00112,Stonehouse Marketing Ltd,"Dublin, Ireland",IE1234567,Western Hygiene Supplies,wood,4401,Firelogs 700g,11518.5,114369.03610942927,IE,53.18813497678181,-7.537050885985089,2026-05-11,,1,2026-08-09,low,valid,valid
DDS-26-00113,Stonehouse Marketing Ltd,"Dublin, Ireland",IE1234567,Atlantic Mills,wood,4401,Firelogs 700g,2566.1,27268.789046229536,BR,-10.648430672954726,-54.06709956603214,2026-06-17,DDS-UP-1641,1,2026-09-11,standard,valid,valid
DDS-25-00114,Stonehouse Marketing Ltd,"Dublin, Ireland",IE1234567,Longford Fuels,wood,4401,Firelogs 700g,17133.0,194421.50231018692,IE,,,2025-06-24,DDS-UP-6482,1,2025-09-11,low,flagged: missing_geo,missing_geo
DDS-26-00115,Stonehouse Marketing Ltd,"Dublin, Ireland",IE1234567,Longford Fuels,wood,4818,Toilet tissue rolls,2496.8,29802.62451995454,IE,53.769692259231434,-6.480971908508969,2026-06-14,DDS-UP-6731,1,2026-10-06,low,valid,valid
DDS-25-00116,Stonehouse Marketing Ltd,"Dublin, Ireland",IE1234567,Longford Fuels,wood,4818,Toilet tissue rolls,20423.0,215267.36931637797,IE,54.61400659869728,-8.271254337752117,2025-06-17,DDS-UP-9624,1,2025-09-01,low,valid,valid
DDS-26-00117,Stonehouse Marketing Ltd,"Dublin, Ireland",IE1234567,Killeen Paper Mills,wood,4818,Toilet tissue rolls,6050.3,77012.58092058443,IE,54.6535079407884,-8.174802964605355,2026-04-19,DDS-UP-2264,1,2026-07-22,low,valid,valid
DDS-25-00118,Stonehouse Marketing Ltd,"Dublin, Ireland",IE1234567,Millbrook Oils,cattle,2309,Beef pet food complete,3710.7,45111.253917262526,IE,54.45104649647768,-9.086757522927316,2025-04-05,DDS-UP-3658,1,2025-07-23,low,valid,valid
DDS-26-00119,Stonehouse Marketing Ltd,"Dublin, Ireland",IE1234567,Killeen Paper Mills,soy,2309,Complete dog food (soy),24254.9,228845.2479030421,BR,-10.68697978458496,-55.2674241655104,2026-02-15,DDS-UP-8355,1,2026-05-16,standard,valid,valid
DDS-25-00120,Stonehouse Marketing Ltd,"Dublin, Ireland",IE1234567,Longford Fuels,soy,2309,Complete dog food (soy),19564.0,252401.9612670043,BR,-9.965079524804722,-54.788741819908324,2025-07-16,DDS-UP-7859,1,2025-10-31,standard,valid,valid
DDS-26-00121,Stonehouse Marketing Ltd,"Dublin, Ireland",IE1234567,Western Hygiene Supplies,wood,4818,Toilet tissue rolls,17929.3,225527.30351209288,IE,53.723537108613336,-6.577649164843289,2025-12-05,DDS-UP-3042,1,2026-02-07,low,valid,valid
DDS-26-00122,Stonehouse Marketing Ltd,"Dublin, Ireland",IE1234567,Connolly Pet Foods,wood,4818,Toilet tissue rolls,22173.4,230131.59414774794,IE,54.29314015591456,-8.92485929102272,2026-08-16,,1,2026-11-01,low,valid,valid
DDS-26-00123,Stonehouse Marketing Ltd,"Dublin, Ireland",IE1234567,Atlantic Mills,wood,4818,Toilet tissue rolls,16424.0,159662.2433288387,BR,-10.875261979746696,-56.41543736341555,2026-08-16,,1,2026-11-14,standard,flagged: missing_prior,missing_prior
DDS-24-00124,Stonehouse Marketing Ltd,"Dublin, Ireland",IE1234567,Western Hygiene Supplies,cattle,2309,Beef pet food complete,965.6,11938.107452258524,IE,53.91660852586724,-7.85419557805326,2023-11-11,DDS-UP-3449,1,2024-02-16,low,valid,valid
DDS-25-00125,Stonehouse Marketing Ltd,"Dublin, Ireland",IE1234567,Atlantic Mills,wood,4818,Toilet tissue rolls,19950.5,219435.05738950858,IE,52.5129206799228,-8.834454964524149,2024-12-31,DDS-UP-2816,1,2025-04-08,low,valid,valid
DDS-25-00126,Stonehouse Marketing Ltd,"Dublin, Ireland",IE1234567,Millbrook Oils,wood,4818,Toilet tissue rolls,9144.0,77849.12402642114,IE,52.52581440326298,-8.76926947926122,2025-08-06,DDS-UP-4068,1,2025-10-21,low,valid,valid
DDS-26-00127,Stonehouse Marketing Ltd,"Dublin, Ireland",IE1234567,Connolly Pet Foods,wood,4818,Toilet tissue rolls,21896.6,208497.26983916873,IE,53.321983089739355,-6.2350055432105975,2026-01-06,DDS-UP-7338,1,2026-02-07,low,valid,valid
DDS-24-00128,Stonehouse Marketing Ltd,"Dublin, Ireland",IE1234567,Millbrook Oils,wood,4818,Toilet tissue rolls,18512.1,185700.1241888906,IE,52.52337777315693,-7.228686799967506,2024-06-18,DDS-UP-1726,1,2024-10-08,low,valid,valid
DDS-26-00129,Stonehouse Marketing Ltd,"Dublin, Ireland",IE1234567,Killeen Paper Mills,wood,4818,Toilet tissue rolls,2046.0,19970.301003744684,IE,53.19386869924111,-7.1138322440118085,2026-03-07,,1,2026-04-11,low,valid,valid
DDS-25-00130,Stonehouse Marketing Ltd,"Dublin, Ireland",IE1234567,Millbrook Oils,cattle,2309,Beef pet food complete,12098.3,159368.86349905678,IE,52.74678746014917,-8.269772351189324,2025-08-17,DDS-UP-4131,1,2025-09-22,low,valid,valid
DDS-26-00131,Stonehouse Marketing Ltd,"Dublin, Ireland",IE1234567,Atlantic Mills,soy,2309,Complete dog food (soy),11273.5,102824.50341500105,BR,-11.62657497526685,-55.39594247705598,2026-06-21,,1,2026-10-17,standard,flagged: missing_prior,missing_prior
DDS-26-00132,Stonehouse Marketing Ltd,"Dublin, Ireland",IE1234567,Western Hygiene Supplies,wood,4401,Firelogs 700g,11049.9,107875.73732001426,SE,60.15782756060483,15.903444262205321,2026-05-11,,1,2026-06-23,low,flagged: missing_prior,missing_prior
DDS-25-00133,Stonehouse Marketing Ltd,"Dublin, Ireland",IE1234567,Atlantic Mills,wood,4818,Toilet tissue rolls,11375.8,120693.17711877615,IE,52.71948756827226,-7.392135116808201,2025-06-29,DDS-UP-6776,1,2025-10-18,low,valid,valid
DDS-25-00134,Stonehouse Marketing Ltd,"Dublin, Ireland",IE1234567,Atlantic Mills,soy,1507,Soybean oil blend,17145.6,199668.01182706835,US,37.72512349496448,-94.58746238635011,2025-05-25,,1,2025-08-19,low,flagged: missing_prior,missing_prior
DDS-25-00135,Stonehouse Marketing Ltd,"Dublin, Ireland",IE1234567,Millbrook Oils,wood,4818,Toilet tissue rolls,1293.4,13234.172622283895,IE,54.135546120520594,-8.101014580678555,2025-07-30,DDS-UP-8371,1,2025-09-07,low,valid,valid
DDS-25-00136,Stonehouse Marketing Ltd,"Dublin, Ireland",IE1234567,Western Hygiene Supplies,wood,4401,Firelogs 700g,1134.9,12903.854156646741,IE,52.99410213785735,-7.251317789881906,2025-02-17,DDS-UP-9482,1,2025-04-21,low,valid,valid
DDS-26-00137,Stonehouse Marketing Ltd,"Dublin, Ireland",IE1234567,Connolly Pet Foods,cattle,2309,Beef pet food complete,5404.4,72376.12572388661,IE,52.44371127627116,-7.364368451709073,2026-03-04,DDS-UP-2213,1,2026-05-29,low,valid,valid
DDS-26-00138,Stonehouse Marketing Ltd,"Dublin, Ireland",IE1234567,Atlantic Mills,soy,1507,Soybean oil blend,2091.0,25658.35701887449,US,40.40268370908919,-93.54027602107254,2026-01-10,DDS-UP-5914,1,2026-05-09,low,valid,valid
DDS-25-00139,Stonehouse Marketing Ltd,"Dublin, Ireland",IE1234567,Killeen Paper Mills,wood,4401,Firelogs 700g,6300.0,64344.842055946145,IE,53.3262672355229,-8.835912634764629,2024-11-14,DDS-UP-6912,1,2025-02-22,low,valid,valid
DDS-26-00140,Stonehouse Marketing Ltd,"Dublin, Ireland",IE1234567,Connolly Pet Foods,wood,4818,Toilet tissue rolls,13379.5,112956.48598037552,SE,58.7972443158021,14.694479942312725,2026-04-06,,1,2026-06-15,low,flagged: missing_prior,missing_prior
DDS-26-00141,Stonehouse Marketing Ltd,"Dublin, Ireland",IE1234567,Millbrook Oils,wood,4401,Firelogs 700g,16175.0,217784.6258953954,IE,53.84032697194874,-8.166455657891902,2026-09-02,DDS-UP-3114,1,2026-10-09,low,valid,valid
DDS-26-00142,Stonehouse Marketing Ltd,"Dublin, Ireland",IE1234567,Killeen Paper Mills,soy,2309,Complete dog food (soy),8977.6,117387.5266423094,AR,-34.5876263715776,-65.01409912133231,2026-09-16,,1,2026-11-17,standard,flagged: missing_prior,missing_prior
DDS-26-00143,Stonehouse Marketing Ltd,"Dublin, Ireland",IE1234567,Western Hygiene Supplies,wood,4818,Toilet tissue rolls,12813.0,150512.71097152535,BR,-11.17664690035946,-54.62493291565423,2025-12-11,DDS-UP-3526,1,2026-03-28,standard,valid,valid
DDS-24-00144,Stonehouse Marketing Ltd,"Dublin, Ireland",IE1234567,Atlantic Mills,wood,4818,Toilet tissue rolls,19390.0,203585.70641138207,SE,58.723582910565355,16.091343574860097,2024-05-11,DDS-UP-4453,1,2024-08-30,low,valid,valid
DDS-25-00145,Stonehouse Marketing Ltd,"Dublin, Ireland",IE1234567,Killeen Paper Mills,wood,4818,Toilet tissue rolls,20214.9,245240.7269400732,SE,60.2367324506418,15.425721867903698,2025-04-28,DDS-UP-5873,1,2025-06-17,low,valid,valid
DDS-25-00146,Stonehouse Marketing Ltd,"Dublin, Ireland",IE1234567,Atlantic Mills,wood,4818,Toilet tissue rolls,8323.3,86498.22761894937,IE,52.41206904069019,-7.380019211538091,2025-04-12,,1,2025-06-28,low,valid,valid
DDS-25-00147,Stonehouse Marketing Ltd,"Dublin, Ireland",IE1234567,Killeen Paper Mills,wood,4401,Firelogs 700g,2871.9,30180.247016300593,IE,52.5252135828094,-8.83243427274812,2025-09-19,DDS-UP-7293,1,2025-11-08,low,valid,valid
DDS-24-00148,Stonehouse Marketing Ltd,"Dublin, Ireland",IE1234567,Millbrook Oils,soy,2309,Complete dog food (soy),11937.0,101945.49628522592,US,39.663385286466365,-95.93049769632992,2024-10-10,,1,2024-12-29,low,flagged: missing_prior,missing_prior
DDS-24-00149,Stonehouse Marketing Ltd,"Dublin, Ireland",IE1234567,Connolly Pet Foods,wood,4401,Firelogs 700g,15139.2,147069.61137787113,BR,-11.354566732421276,-55.441314733430936,2024-05-31,,1,2024-07-01,standard,flagged: missing_prior,missing_prior
DDS-26-00150,Stonehouse Marketing Ltd,"Dublin, Ireland",IE1234567,Longford Fuels,soy,2309,Complete dog food (soy),1608.4,15652.321817106089,BR,-9.352632807244222,-54.317475809921824,2026-05-02,DDS-UP-4189,1,2026-07-20,standard,valid,valid
DDS-26-00151,Stonehouse Marketing Ltd,"Dublin, Ireland",IE1234567,Western Hygiene Supplies,wood,4401,Firelogs 700g,3652.3,36649.04744610053,IE,52.639162032871944,-6.232727898137832,2026-03-04,DDS-UP-7114,1,2026-05-19,low,valid,valid
DDS-24-00152,Stonehouse Marketing Ltd,"Dublin, Ireland",IE1234567,Killeen Paper Mills,cattle,2309,Beef pet food complete,17983.0,159934.39982646925,IE,53.32736754867555,-7.6997662892880685,2024-03-17,,1,2024-06-20,low,valid,valid
DDS-26-00153,Stonehouse Marketing Ltd,"Dublin, Ireland",IE1234567,Longford Fuels,wood,4818,Toilet tissue rolls,15046.3,184353.87049741714,SE,59.55559009527792,14.678863763599448,2026-01-21,DDS-UP-9351,1,2026-03-30,low,valid,valid
DDS-25-00154,Stonehouse Marketing Ltd,"Dublin, Ireland",IE1234567,Longford Fuels,wood,4401,Firelogs 700g,20020.5,163364.9361957205,IE,52.79371878073677,-8.871186231526032,2025-07-11,,1,2025-10-09,low,valid,valid
DDS-25-00155,Stonehouse Marketing Ltd,"Dublin, Ireland",IE1234567,Western Hygiene Supplies,wood,4818,Toilet tissue rolls,14796.3,178803.83614343015,IE,54.71617059207325,-7.464577003323264,2025-02-20,DDS-UP-7229,1,2025-03-26,low,valid,valid
DDS-25-00156,Stonehouse Marketing Ltd,"Dublin, Ireland",IE1234567,Connolly Pet Foods,wood,4401,Firelogs 700g,17417.3,216236.191029208,IE,52.37235298348078,-7.876884301445801,2025-09-04,DDS-UP-8726,1,2025-10-11,low,valid,valid
DDS-25-00157,Stonehouse Marketing Ltd,"Dublin, Ireland",IE1234567,Connolly Pet Foods,cattle,2309,Beef pet food complete,8186.9,82898.27288401731,IE,53.48266031872591,-6.205631394783554,2025-08-09,DDS-UP-9734,1,2025-12-04,low,valid,valid
DDS-25-00158,Stonehouse Marketing Ltd,"Dublin, Ireland",IE1234567,Millbrook Oils,wood,4401,Firelogs 700g,7813.2,98657.63279541345,IE,53.63022974023625,-8.62320749258986,2024-12-18,,1,2025-04-17,low,valid,valid
DDS-26-00159,Stonehouse Marketing Ltd,"Dublin, Ireland",IE1234567,Atlantic Mills,wood,4818,Toilet tissue rolls,7199.7,99938.77092331566,IE,52.75112223505534,-8.15359047739608,2026-09-03,DDS-UP-9899,1,2026-11-16,low,valid,valid
DDS-26-00160,Stonehouse Marketing Ltd,"Dublin, Ireland",IE1234567,Longford Fuels,soy,1507,Soybean oil blend,23138.2,300049.47263665753,US,38.37135795597881,-95.63710897515757,2026-04-10,DDS-UP-8849,1,2026-06-13,low,valid,valid
DDS-26-00161,Stonehouse Marketing Ltd,"Dublin, Ireland",IE1234567,Killeen Paper Mills,soy,2309,Complete dog food (soy),1743.8,16386.522357937723,AR,-35.08818113559723,-63.652968896756526,2026-01-23,,1,2026-03-06,standard,flagged: missing_prior,missing_prior
DDS-24-00162,Stonehouse Marketing Ltd,"Dublin, Ireland",IE1234567,Millbrook Oils,wood,4818,Toilet tissue rolls,24458.8,224941.12275919958,IE,52.10163471433204,-6.887701825705163,2023-12-12,DDS-UP-8793,1,2024-02-16,low,valid,valid
DDS-26-00163,Stonehouse Marketing Ltd,"Dublin, Ireland",IE1234567,Millbrook Oils,wood,4818,Toilet tissue rolls,18597.8,195412.847936777,IE,,,2026-01-02,,1,2026-02-23,low,flagged: missing_geo,missing_geo
DDS-25-00164,Stonehouse Marketing Ltd,"Dublin, Ireland",IE1234567,Atlantic Mills,soy,2309,Complete dog food (soy),24072.2,193916.08679851997,BR,-9.491390405662479,-54.136118110372486,2024-10-24,,1,2025-02-03,standard,flagged: missing_prior,missing_prior
DDS-26-00165,Stonehouse Marketing Ltd,"Dublin, Ireland",IE1234567,Millbrook Oils,wood,4401,Firelogs 700g,12600.9,136192.09744902817,SE,59.605126341087264,14.863047234470386,2026-02-23,,1,2026-04-18,low,flagged: missing_prior,missing_prior
DDS-26-00166,Stonehouse Marketing Ltd,"Dublin, Ireland",IE1234567,Western Hygiene Supplies,soy,2309,Complete dog food (soy),18547.1,232649.19338381206,BR,-9.806642298573678,-54.55514398387228,2026-04-26,,1,2026-06-17,standard,flagged: missing_prior,missing_prior
DDS-25-00167,Stonehouse Marketing Ltd,"Dublin, Ireland",IE1234567,Connolly Pet Foods,wood,4401,Firelogs 700g,16896.8,230049.12639451033,IE,53.01647112429864,-7.916890249059782,2025-06-14,DDS-UP-3303,1,2025-07-14,low,valid,valid
DDS-25-00168,Stonehouse Marketing Ltd,"Dublin, Ireland",IE1234567,Atlantic Mills,wood,4818,Toilet tissue rolls,14535.5,121702.04934932016,IE,54.06126995534437,-6.337895532035263,2025-05-03,DDS-UP-6890,1,2025-06-17,low,valid,valid
DDS-26-00169,Stonehouse Marketing Ltd,"Dublin, Ireland",IE1234567,Longford Fuels,wood,4401,Firelogs 700g,17412.1,162369.49430755625,IE,53.85822085967333,-6.430681958158649,2026-08-30,DDS-UP-5833,1,2026-10-16,low,valid,valid
DDS-26-00170,Stonehouse Marketing Ltd,"Dublin, Ireland",IE1234567,Connolly Pet Foods,wood,4401,Firelogs 700g,19055.1,239544.66746706862,IE,54.766513885685924,-8.079125474039191,2026-02-07,,1,2026-06-04,low,valid,valid
DDS-26-00171,Stonehouse Marketing Ltd,"Dublin, Ireland",IE1234567,Western Hygiene Supplies,cattle,2309,Beef pet food complete,22972.5,211644.2796288679,IE,52.04561091941982,-7.85975606751055,2026-02-27,DDS-UP-9972,1,2026-06-05,low,valid,valid
DDS-25-00172,Stonehouse Marketing Ltd,"Dublin, Ireland",IE1234567,Millbrook Oils,wood,4818,Toilet tissue rolls,12476.3,103975.17402537123,IE,53.36102462355436,-8.851279933446008,2025-01-12,,1,2025-02-27,low,valid,valid
DDS-26-00173,Stonehouse Marketing Ltd,"Dublin, Ireland",IE1234567,Atlantic Mills,wood,4401,Firelogs 700g,1033.4,11852.961167872045,IE,51.97321034279757,-7.8128650827832296,2026-07-16,DDS-UP-1049,1,2026-08-20,low,valid,valid
DDS-26-00174,Stonehouse Marketing Ltd,"Dublin, Ireland",IE1234567,Connolly Pet Foods,wood,4818,Toilet tissue rolls,1277.5,17718.924628943234,IE,53.42349051223972,-9.019233106048791,2026-06-30,DDS-UP-3218,1,2026-10-20,low,valid,valid
DDS-26-00175,Stonehouse Marketing Ltd,"Dublin, Ireland",IE1234567,Connolly Pet Foods,soy,1507,Soybean oil blend,9703.3,127712.11269590477,BR,-9.32599918434442,-55.15438860201194,2026-09-21,DDS-UP-9835,1,2026-11-05,standard,valid,valid
DDS-25-00176,Stonehouse Marketing Ltd,"Dublin, Ireland",IE1234567,Western Hygiene Supplies,wood,4818,Toilet tissue rolls,19026.4,234301.8176368789,IE,53.38652761863202,-7.016425577281616,2024-12-26,,1,2025-03-20,low,valid,valid
DDS-25-00177,Stonehouse Marketing Ltd,"Dublin, Ireland",IE1234567,Atlantic Mills,wood,4401,Firelogs 700g,19254.5,262196.7593836393,SE,59.34253611551133,14.53847920496288,2025-04-18,DDS-UP-7868,1,2025-05-20,low,valid,valid
DDS-26-00178,Stonehouse Marketing Ltd,"Dublin, Ireland",IE1234567,Western Hygiene Supplies,wood,4818,Toilet tissue rolls,6496.0,60436.28473588033,IE,53.58183244243807,-7.860676801254193,2026-04-05,DDS-UP-8191,1,2026-05-12,low,valid,valid
DDS-26-00179,Stonehouse Marketing Ltd,"Dublin, Ireland",IE1234567,Millbrook Oils,wood,4818,Toilet tissue rolls,15149.0,200838.62393566602,BR,-11.29751544857503,-53.7508089006353,2025-11-03,DDS-UP-6253,1,2026-02-25,standard,valid,valid
DDS-26-00180,Stonehouse Marketing Ltd,"Dublin, Ireland",IE1234567,Atlantic Mills,wood,4401,Firelogs 700g,22833.7,189092.82442749964,IE,52.62546176152581,-7.529845645684297,2025-12-26,DDS-UP-7999,1,2026-03-10,low,valid,valid
DDS-25-00181,Stonehouse Marketing Ltd,"Dublin, Ireland",IE1234567,Killeen Paper Mills,soy,2309,Complete dog food (soy),7847.3,102768.5985863453,AR,-33.14258621205845,-64.54379662805107,2025-08-02,DDS-UP-9813,1,2025-10-09,standard,valid,valid
DDS-25-00182,Stonehouse Marketing Ltd,"Dublin, Ireland",IE1234567,Connolly Pet Foods,soy,2309,Complete dog food (soy),14153.5,141274.26368155263,BR,-10.610924521504167,-56.327128196603375,2025-08-26,DDS-UP-4978,1,2025-10-05,standard,valid,valid
DDS-25-00183,Stonehouse Marketing Ltd,"Dublin, Ireland",IE1234567,Longford Fuels,soy,2309,Complete dog food (soy),9740.6,88921.7402852884,US,37.77739198958059,-94.3262458630784,2024-10-26,DDS-UP-1647,1,2025-02-08,low,valid,valid
DDS-25-00184,Stonehouse Marketing Ltd,"Dublin, Ireland",IE1234567,Western Hygiene Supplies,cattle,2309,Beef pet food complete,5689.3,71264.08337509593,IE,53.23818261941274,-6.591578445426387,2025-05-20,DDS-UP-2922,1,2025-07-20,low,valid,valid
DDS-25-00185,Stonehouse Marketing Ltd,"Dublin, Ireland",IE1234567,Longford Fuels,cattle,2309,Beef pet food complete,9826.2,99813.23967122009,IE,52.9898961793287,-8.482007123110906,2025-04-06,DDS-UP-6886,1,2025-07-08,low,valid,valid
DDS-25-00186,Stonehouse Marketing Ltd,"Dublin, Ireland",IE1234567,Killeen Paper Mills,wood,4401,Firelogs 700g,9582.3,77590.94374418625,SE,60.76724071956032,15.784886907929135,2025-03-28,DDS-UP-4625,1,2025-07-06,low,valid,valid
DDS-25-00187,Stonehouse Marketing Ltd,"Dublin, Ireland",IE1234567,Connolly Pet Foods,soy,2309,Complete dog food (soy),14459.8,186958.7307773812,AR,-34.24726577933448,-65.04276576944757,2025-03-26,DDS-UP-6530,1,2025-07-16,standard,valid,valid
DDS-24-00188,Stonehouse Marketing Ltd,"Dublin, Ireland",IE1234567,Millbrook Oils,cattle,2309,Beef pet food complete,12463.7,147705.52363759637,IE,53.998316711075056,-8.14347149500402,2024-10-26,,1,2024-12-02,low,valid,valid
DDS-24-00189,Stonehouse Marketing Ltd,"Dublin, Ireland",IE1234567,Western Hygiene Supplies,wood,4401,Firelogs 700g,10603.6,129820.05911411605,SE,58.82299123432908,15.953987732564261,2024-05-27,,1,2024-06-27,low,flagged: missing_prior,missing_prior
DDS-26-00190,Stonehouse Marketing Ltd,"Dublin, Ireland",IE1234567,Connolly Pet Foods,wood,4818,Toilet tissue rolls,16652.5,134404.08948049837,IE,51.98135035673906,-7.286814224718033,2026-08-11,DDS-UP-9719,1,2026-11-16,low,valid,valid
DDS-26-00191,Stonehouse Marketing Ltd,"Dublin, Ireland",IE1234567,Connolly Pet Foods,cattle,2309,Beef pet food complete,20251.1,173711.57333722175,IE,52.660065609599854,-7.693351903263691,2026-04-13,,1,2026-06-01,low,valid,valid
DDS-26-00192,Stonehouse Marketing Ltd,"Dublin, Ireland",IE1234567,Western Hygiene Supplies,wood,4818,Toilet tissue rolls,9639.8,90181.71246326694,IE,52.55725458894404,-8.136676697418286,2026-04-17,DDS-UP-4984,1,2026-08-12,low,valid,valid
DDS-24-00193,Stonehouse Marketing Ltd,"Dublin, Ireland",IE1234567,Connolly Pet Foods,soy,2309,Complete dog food (soy),9792.0,119629.55825392253,BR,-9.02497588414954,-54.550316644618235,2024-04-08,DDS-UP-1919,1,2024-05-18,standard,valid,valid
DDS-26-00194,Stonehouse Marketing Ltd,"Dublin, Ireland",IE1234567,Western Hygiene Supplies,wood,4401,Firelogs 700g,22422.4,300631.41677859717,IE,54.15312893237033,-7.502430116146895,2026-05-30,,1,2026-09-25,low,valid,valid
DDS-26-00195,Stonehouse Marketing Ltd,"Dublin, Ireland",IE1234567,Millbrook Oils,soy,2309,Complete dog food (soy),14306.0,164836.83103019613,BR,,,2026-08-23,DDS-UP-6152,1,2026-11-11,standard,flagged: missing_geo,missing_geo
DDS-26-00196,Stonehouse Marketing Ltd,"Dublin, Ireland",IE1234567,Atlantic Mills,soy,2309,Complete dog food (soy),22464.9,272630.9542598633,BR,-10.308125401128706,-54.79991224032676,2026-08-10,DDS-UP-3292,1,2026-09-19,standard,valid,valid
DDS-26-00197,Stonehouse Marketing Ltd,"Dublin, Ireland",IE1234567,Longford Fuels,wood,4401,Firelogs 700g,15326.6,152626.2659054247,BR,-11.838910704157819,-55.1887352414695,2026-05-24,DDS-UP-7499,1,2026-09-12,standard,valid,valid
DDS-26-00198,Stonehouse Marketing Ltd,"Dublin, Ireland",IE1234567,Connolly Pet Foods,wood,4818,Toilet tissue rolls,5050.6,49355.86163149435,BR,-10.52818963166762,-55.43256640688246,2026-09-21,,1,2026-11-21,standard,flagged: missing_prior,missing_prior
DDS-26-00199,Stonehouse Marketing Ltd,"Dublin, Ireland",IE1234567,Atlantic Mills,cattle,23x9,Beef pet food complete,10045.7,107171.69847395971,IE,52.262662891596555,-7.06496853566415,2026-02-07,DDS-UP-2499,1,2026-04-12,low,flagged: invalid_hs,invalid_hs
DDS-26-00200,Stonehouse Marketing Ltd,"Dublin, Ireland",IE1234567,Western Hygiene Supplies,wood,4818,Toilet tissue rolls,1143.4,14528.76342386396,IE,53.092938547928114,-7.529044903336317,2025-10-16,DDS-UP-2524,1,2026-01-03,low,valid,valid
DDS-26-00201,Stonehouse Marketing Ltd,"Dublin, Ireland",IE1234567,Killeen Paper Mills,wood,4818,Toilet tissue rolls,14513.0,139520.92550627817,IE,54.13750731687321,-7.025468467895626,2025-12-09,DDS-UP-7237,1,2026-02-11,low,valid,valid
DDS-25-00202,Stonehouse Marketing Ltd,"Dublin, Ireland",IE1234567,Western Hygiene Supplies,wood,4401,Firelogs 700g,9347.6,102588.17714506379,IE,53.10402880778823,-7.936692980682427,2025-08-23,,1,2025-12-09,low,valid,valid
DDS-25-00203,Stonehouse Marketing Ltd,"Dublin, Ireland",IE1234567,Millbrook Oils,wood,4818,Toilet tissue rolls,9807.3,103797.49478217121,IE,52.713973987253766,-6.353529612816304,2025-03-28,,1,2025-07-19,low,valid,valid
DDS-25-00204,Stonehouse Marketing Ltd,"Dublin, Ireland",IE1234567,Longford Fuels,soy,1507,Soybean oil blend,4852.1,59048.82750713108,BR,-11.038004533874737,-53.658163233951655,2024-11-21,DDS-UP-6228,1,2025-02-21,standard,valid,valid
DDS-26-00205,Stonehouse Marketing Ltd,"Dublin, Ireland",IE1234567,Longford Fuels,soy,1507,Soybean oil blend,3290.3,41476.55921118667,AR,-34.52234128767128,-64.65909956060734,2026-07-03,DDS-UP-9939,1,2026-08-05,standard,valid,valid
DDS-25-00206,Stonehouse Marketing Ltd,"Dublin, Ireland",IE1234567,Atlantic Mills,soy,1507,Soybean oil blend,2194.4,26415.892962500642,BR,-9.87489884623181,-55.18463513707327,2025-04-20,,1,2025-06-06,standard,flagged: missing_prior,missing_prior
DDS-26-00207,Stonehouse Marketing Ltd,"Dublin, Ireland",IE1234567,Western Hygiene Supplies,wood,4401,Firelogs 700g,11502.1,155749.64307294533,IE,53.775988905596954,-7.054290826101722,2026-04-11,DDS-UP-7566,1,2026-08-07,low,valid,valid
DDS-26-00208,Stonehouse Marketing Ltd,"Dublin, Ireland",IE1234567,Millbrook Oils,wood,4818,Toilet tissue rolls,16135.4,163452.45583197495,IE,54.7052841222181,-7.095097138833221,2026-05-04,DDS-UP-5067,1,2026-08-24,low,valid,valid
DDS-26-00209,Stonehouse Marketing Ltd,"Dublin, Ireland",IE1234567,Longford Fuels,wood,4401,Firelogs 700g,24160.1,267308.7342322548,IE,,,2026-09-04,DDS-UP-1172,1,2026-12-09,low,flagged: missing_geo,missing_geo
DDS-25-00210,Stonehouse Marketing Ltd,"Dublin, Ireland",IE1234567,Atlantic Mills,wood,4401,Firelogs 700g,14920.5,162583.11579693534,IE,52.463095208535606,-8.077641296584886,2025-09-14,DDS-UP-6651,1,2025-11-20,low,valid,valid
DDS-24-00211,Stonehouse Marketing Ltd,"Dublin, Ireland",IE1234567,Longford Fuels,wood,4818,Toilet tissue rolls,8905.1,89850.69382942058,BR,-11.651791986123076,-53.67797152556142,2024-10-23,,1,2024-12-04,standard,flagged: missing_prior,missing_prior
DDS-26-00212,Stonehouse Marketing Ltd,"Dublin, Ireland",IE1234567,Western Hygiene Supplies,wood,4818,Toilet tissue rolls,1053.3,9465.084995997873,IE,52.7567284226531,-8.29920775045418,2026-06-23,DDS-UP-2791,1,2026-08-23,low,valid,valid
DDS-25-00213,Stonehouse Marketing Ltd,"Dublin, Ireland",IE1234567,Connolly Pet Foods,wood,4401,Firelogs 700g,15929.1,197908.39846402424,IE,52.79296896665951,-7.920891849134954,2025-09-26,DDS-UP-8080,1,2025-11-20,low,valid,valid
DDS-25-00214,Stonehouse Marketing Ltd,"Dublin, Ireland",IE1234567,Atlantic Mills,wood,4818,Toilet tissue rolls,20313.9,227949.05803098605,IE,51.81335012997841,-8.555611684789111,2025-03-08,DDS-UP-2667,1,2025-05-23,low,valid,valid
DDS-26-00215,Stonehouse Marketing Ltd,"Dublin, Ireland",IE1234567,Atlantic Mills,wood,4818,Toilet tissue rolls,8178.4,82500.00112887651,IE,52.58706018635708,-6.6120903576280785,2025-10-20,DDS-UP-7431,1,2026-01-16,low,valid,valid
DDS-26-00216,Stonehouse Marketing Ltd,"Dublin, Ireland",IE1234567,Western Hygiene Supplies,wood,4401,Firelogs 700g,16966.7,154367.5685750487,SE,60.71796508283794,14.392334504098056,2025-11-30,DDS-UP-4908,1,2026-03-28,low,valid,valid
DDS-25-00217,Stonehouse Marketing Ltd,"Dublin, Ireland",IE1234567,Connolly Pet Foods,wood,4818,Toilet tissue rolls,16069.8,175769.09659502134,IE,53.58927745233179,-7.475581865376757,2025-08-29,DDS-UP-3838,1,2025-10-15,low,valid,valid
DDS-26-00218,Stonehouse Marketing Ltd,"Dublin, Ireland",IE1234567,Connolly Pet Foods,wood,4818,Toilet tissue rolls,3845.1,42421.5583779984,SE,60.45822993636752,16.096566692569237,2026-08-28,,1,2026-11-29,low,flagged: missing_prior,missing_prior
DDS-25-00219,Stonehouse Marketing Ltd,"Dublin, Ireland",IE1234567,Millbrook Oils,wood,4818,Toilet tissue rolls,1256.1,12120.256503860315,IE,53.93042711853739,-7.8684447715722134,2024-10-03,,1,2025-01-09,low,valid,valid
DDS-25-00220,Stonehouse Marketing Ltd,"Dublin, Ireland",IE1234567,Millbrook Oils,wood,4818,Toilet tissue rolls,3273.7,33395.5723000491,IE,53.49695138355757,-6.882357085512886,2025-11-14,DDS-UP-9898,1,2025-12-19,low,valid,valid
DDS-26-00221,Stonehouse Marketing Ltd,"Dublin, Ireland",IE1234567,Atlantic Mills,cattle,2309,Beef pet food complete,18908.0,190809.36086653787,IE,52.455625805030216,-7.924535939788451,2026-05-20,DDS-UP-1528,1,2026-06-30,low,valid,valid
DDS-26-00222,Stonehouse Marketing Ltd,"Dublin, Ireland",IE1234567,Millbrook Oils,wood,4818,Toilet tissue rolls,17383.8,183729.42335658928,BR,-9.67310505035768,-55.78916183389995,2026-05-07,,1,2026-08-23,standard,flagged: missing_prior,missing_prior
DDS-25-00223,Stonehouse Marketing Ltd,"Dublin, Ireland",IE1234567,Longford Fuels,wood,4818,Toilet tissue rolls,15123.0,145242.17514794043,IE,52.4208281622553,-9.021926499081976,2025-05-04,DDS-UP-5794,1,2025-08-07,low,valid,valid
DDS-26-00224,Stonehouse Marketing Ltd,"Dublin, Ireland",IE1234567,Western Hygiene Supplies,soy,1507,Soybean oil blend,24815.9,327482.3486117263,AR,-35.21432450855697,-62.611684015018625,2026-06-05,,1,2026-08-05,standard,flagged: missing_prior,missing_prior
DDS-25-00225,Stonehouse Marketing Ltd,"Dublin, Ireland",IE1234567,Killeen Paper Mills,wood,4818,Toilet tissue rolls,14646.9,123811.67582318556,IE,52.54266422006801,-6.669333030069593,2025-08-06,DDS-UP-7786,1,2025-09-16,low,valid,valid
DDS-25-00226,Stonehouse Marketing Ltd,"Dublin, Ireland",IE1234567,Connolly Pet Foods,wood,4818,Toilet tissue rolls,8518.6,91580.87502771107,IE,53.88411084718263,-6.568047929501433,2025-07-21,DDS-UP-2526,1,2025-11-13,low,valid,valid
DDS-26-00227,Stonehouse Marketing Ltd,"Dublin, Ireland",IE1234567,Killeen Paper Mills,cattle,2309,Beef pet food complete,12620.5,144726.86904148004,IE,54.18703377994353,-8.00685239543401,2026-08-29,DDS-UP-5646,1,2026-12-09,low,valid,valid
DDS-24-00228,Stonehouse Marketing Ltd,"Dublin, Ireland",IE1234567,Atlantic Mills,soy,2309,Complete dog food (soy),19705.3,176321.07534572206,AR,-32.81753602588433,-63.2132379327325,2024-03-25,DDS-UP-3035,1,2024-06-21,standard,valid,valid
DDS-24-00229,Stonehouse Marketing Ltd,"Dublin, Ireland",IE1234567,Atlantic Mills,wood,4818,Toilet tissue rolls,7895.7,67587.50709491507,BR,-11.3930453808078,-54.43422435426547,2024-09-05,,1,2024-11-20,standard,flagged: missing_prior,missing_prior
DDS-25-00230,Stonehouse Marketing Ltd,"Dublin, Ireland",IE1234567,Longford Fuels,wood,4818,Toilet tissue rolls,18286.7,156299.99306127496,IE,54.51140080650697,-8.70342476252197,2025-08-09,,1,2025-09-20,low,valid,valid
DDS-26-00231,Stonehouse Marketing Ltd,"Dublin, Ireland",IE1234567,Western Hygiene Supplies,wood,4818,Toilet tissue rolls,697.5,7347.383812848626,IE,52.198099376119956,-8.521427415621782,2026-04-02,DDS-UP-2975,1,2026-05-18,low,valid,valid
DDS-24-00232,Stonehouse Marketing Ltd,"Dublin, Ireland",IE1234567,Longford Fuels,wood,4401,Firelogs 700g,22084.2,266397.78393707855,IE,52.06799324298121,-6.782129498516906,2024-08-30,DDS-UP-3181,1,2024-10-07,low,valid,valid
DDS-26-00233,Stonehouse Marketing Ltd,"Dublin, Ireland",IE1234567,Atlantic Mills,wood,4401,Firelogs 700g,18832.6,200648.230757591,IE,53.75006063947342,-7.879701737660445,2026-04-23,,1,2026-06-19,low,valid,valid
DDS-25-00234,Stonehouse Marketing Ltd,"Dublin, Ireland",IE1234567,Connolly Pet Foods,wood,4818,Toilet tissue rolls,8205.3,77860.10944900745,IE,54.057336939643854,-7.431278246715461,2025-05-25,DDS-UP-5537,1,2025-09-08,low,valid,valid
DDS-26-00235,Stonehouse Marketing Ltd,"Dublin, Ireland",IE1234567,Atlantic Mills,wood,4401,Firelogs 700g,21957.8,227274.34274133085,IE,54.136908957539774,-7.128571774956039,2026-05-29,DDS-UP-9348,1,2026-09-18,low,valid,valid
DDS-24-00236,Stonehouse Marketing Ltd,"Dublin, Ireland",IE1234567,Connolly Pet Foods,wood,4818,Toilet tissue rolls,16133.0,219466.01423326074,SE,61.46401453404146,14.9846631598298,2024-09-06,DDS-UP-1197,1,2024-10-22,low,valid,valid
DDS-25-00237,Stonehouse Marketing Ltd,"Dublin, Ireland",IE1234567,Connolly Pet Foods,wood,4818,Toilet tissue rolls,23884.1,193049.46135619248,SE,,,2024-11-20,,1,2025-01-16,low,flagged: missing_geo,missing_geo
DDS-26-00238,Stonehouse Marketing Ltd,"Dublin, Ireland",IE1234567,Millbrook Oils,wood,4818,Toilet tissue rolls,19294.2,216595.38006569157,IE,54.16786999697927,-7.680168187175219,2026-02-18,DDS-UP-7590,1,2026-04-08,low,valid,valid
DDS-26-00239,Stonehouse Marketing Ltd,"Dublin, Ireland",IE1234567,Millbrook Oils,wood,4818,Toilet tissue rolls,8505.4,90369.16274337417,IE,53.33391409488599,-8.590407518126517,2026-06-22,DDS-UP-2083,1,2026-08-21,low,valid,valid
DDS-26-00240,Stonehouse Marketing Ltd,"Dublin, Ireland",IE1234567,Longford Fuels,wood,4818,Toilet tissue rolls,16818.9,205987.85712635153,IE,53.10345076581805,-7.839884473108572,2025-11-25,DDS-UP-3877,1,2026-03-24,low,valid,valid
DDS-26-00241,Stonehouse Marketing Ltd,"Dublin, Ireland",IE1234567,Longford Fuels,wood,4818,Toilet tissue rolls,4590.6,39976.5070807693,IE,52.840115383036554,-7.64833147265791,2026-07-29,DDS-UP-5403,1,2026-08-31,low,valid,valid
DDS-26-00242,Stonehouse Marketing Ltd,"Dublin, Ireland",IE1234567,Atlantic Mills,wood,4818,Toilet tissue rolls,2388.2,21496.876851638193,IE,53.371562634346006,-8.411151047520566,2026-10-25,DDS-UP-6900,1,2026-12-14,low,valid,valid
DDS-25-00243,Stonehouse Marketing Ltd,"Dublin, Ireland",IE1234567,Millbrook Oils,wood,4818,Toilet tissue rolls,562.9,6096.537724839852,IE,,,2025-01-07,,1,2025-03-27,low,flagged: missing_geo,missing_geo
DDS-26-00244,Stonehouse Marketing Ltd,"Dublin, Ireland",IE1234567,Atlantic Mills,soy,2309,Complete dog food (soy),18646.3,251634.21621439178,BR,-9.118973563816729,-56.39390927807544,2026-06-09,DDS-UP-6272,1,2026-08-18,standard,valid,valid
DDS-26-00245,Stonehouse Marketing Ltd,"Dublin, Ireland",IE1234567,Killeen Paper Mills,wood,4818,Toilet tissue rolls,5968.0,50212.117883766456,IE,52.91842450021358,-7.693877172321252,2026-07-29,DDS-UP-1752,1,2026-10-26,low,valid,valid
DDS-25-00246,Stonehouse Marketing Ltd,"Dublin, Ireland",IE1234567,Longford Fuels,soy,2309,Complete dog food (soy),5416.4,51214.791656101304,AR,-34.56790667785776,-65.24084343270007,2025-08-30,DDS-UP-5979,1,2025-11-15,standard,valid,valid
DDS-26-00247,Stonehouse Marketing Ltd,"Dublin, Ireland",IE1234567,Killeen Paper Mills,wood,4401,Firelogs 700g,4188.9,42218.00536476359,IE,54.11783978885157,-8.61373272838153,2026-06-29,,1,2026-10-25,low,valid,valid
DDS-26-00248,Stonehouse Marketing Ltd,"Dublin, Ireland",IE1234567,Atlantic Mills,soy,2309,Complete dog food (soy),8034.0,110604.96467503296,US,37.504386121606736,-94.52808844947201,2026-08-02,DDS-UP-4902,1,2026-09-19,low,valid,valid
DDS-26-00249,Stonehouse Marketing Ltd,"Dublin, Ireland",IE1234567,Atlantic Mills,cattle,2309,Beef pet food complete,22441.7,247589.54948940626,IE,54.56382320891632,-6.508137584205622,2025-09-20,DDS-UP-2391,1,2026-01-09,low,valid,valid
DDS-26-00250,Stonehouse Marketing Ltd,"Dublin, Ireland",IE1234567,Killeen Paper Mills,soy,2309,Complete dog food (soy),7646.1,79196.13250215135,BR,-10.296537815132375,-55.19505136469505,2026-09-27,,1,2026-12-07,standard,flagged: missing_prior,missing_prior
DDS-26-00251,Stonehouse Marketing Ltd,"Dublin, Ireland",IE1234567,Millbrook Oils,wood,4818,Toilet tissue rolls,3169.8,33089.78092225096,IE,52.02406230740743,-8.591862121162299,2026-04-25,DDS-UP-8365,1,2026-08-01,low,valid,valid
DDS-26-00252,Stonehouse Marketing Ltd,"Dublin, Ireland",IE1234567,Western Hygiene Supplies,wood,4818,Toilet tissue rolls,4361.6,57308.97987834684,IE,53.15575123075338,-7.809960214830758,2026-08-05,DDS-UP-1660,1,2026-09-22,low,valid,valid
DDS-26-00253,Stonehouse Marketing Ltd,"Dublin, Ireland",IE1234567,Longford Fuels,wood,4818,Toilet tissue rolls,20592.2,233427.46629134033,IE,52.867228266512846,-7.659620973863811,2026-02-05,DDS-UP-7625,1,2026-05-16,low,valid,valid
DDS-24-00254,Stonehouse Marketing Ltd,"Dublin, Ireland",IE1234567,Killeen Paper Mills,wood,4818,Toilet tissue rolls,3702.5,43622.06004223396,IE,54.21169026033155,-8.780620882180633,2023-11-26,,1,2024-03-17,low,valid,valid
DDS-26-00255,Stonehouse Marketing Ltd,"Dublin, Ireland",IE1234567,Killeen Paper Mills,wood,48x8,Toilet tissue rolls,22611.2,197512.58445401557,IE,54.552285744534736,-8.975038457919654,2026-10-01,DDS-UP-3110,1,2026-12-29,low,flagged: invalid_hs,invalid_hs
DDS-25-00256,Stonehouse Marketing Ltd,"Dublin, Ireland",IE1234567,Connolly Pet Foods,wood,4818,Toilet tissue rolls,17238.7,166351.5693300692,SE,59.89946913171602,15.673292541392119,2025-09-24,DDS-UP-4517,1,2025-12-20,low,valid,valid
DDS-25-00257,Stonehouse Marketing Ltd,"Dublin, Ireland",IE1234567,Connolly Pet Foods,soy,2309,Complete dog food (soy),22128.1,195245.43386420025,BR,-10.142470353462313,-55.76264566226426,2025-04-16,DDS-UP-2437,1,2025-06-10,standard,valid,valid
DDS-26-00258,Stonehouse Marketing Ltd,"Dublin, Ireland",IE1234567,Western Hygiene Supplies,wood,4401,Firelogs 700g,24740.4,278752.7299704291,IE,52.54744326541024,-6.21773816789311,2025-10-29,,1,2026-01-29,low,valid,valid
DDS-24-00259,Stonehouse Marketing Ltd,"Dublin, Ireland",IE1234567,Millbrook Oils,wood,4818,Toilet tissue rolls,5866.0,48990.17694086866,IE,52.76481325600403,-8.388692945693078,2024-02-02,,1,2024-05-02,low,valid,valid
DDS-24-00260,Stonehouse Marketing Ltd,"Dublin, Ireland",IE1234567,Atlantic Mills,wood,4401,Firelogs 700g,6408.2,87707.84704556316,IE,54.79881724043403,-6.278060414799494,2024-06-21,DDS-UP-1916,1,2024-10-02,low,valid,valid
DDS-26-00261,Stonehouse Marketing Ltd,"Dublin, Ireland",IE1234567,Killeen Paper Mills,soy,2309,Complete dog food (soy),6295.5,51429.44675830398,AR,-34.43558609630452,-62.98233324308227,2026-05-20,DDS-UP-6878,1,2026-09-16,standard,valid,valid
DDS-26-00262,Stonehouse Marketing Ltd,"Dublin, Ireland",IE1234567,Connolly Pet Foods,wood,4818,Toilet tissue rolls,13782.1,160009.8601343891,IE,,,2026-08-09,DDS-UP-1621,1,2026-09-10,low,flagged: missing_geo,missing_geo
DDS-24-00263,Stonehouse Marketing Ltd,"Dublin, Ireland",IE1234567,Atlantic Mills,wood,4401,Firelogs 700g,4847.8,40514.69238008094,IE,54.55368855776194,-8.595606849943577,2024-10-01,,1,2024-11-18,low,valid,valid
DDS-26-00264,Stonehouse Marketing Ltd,"Dublin, Ireland",IE1234567,Western Hygiene Supplies,wood,4401,Firelogs 700g,9653.0,83075.581232525,SE,60.92309949645968,16.039442662737404,2026-07-21,,1,2026-09-27,low,flagged: missing_prior,missing_prior
DDS-26-00265,Stonehouse Marketing Ltd,"Dublin, Ireland",IE1234567,Connolly Pet Foods,wood,4818,Toilet tissue rolls,16404.9,189209.21046363746,BR,-9.802943923726078,-55.189394851211254,2026-02-24,DDS-UP-6846,1,2026-04-17,standard,valid,valid
DDS-24-00266,Stonehouse Marketing Ltd,"Dublin, Ireland",IE1234567,Atlantic Mills,wood,4818,Toilet tissue rolls,23743.1,235277.53575991254,IE,52.68355179415676,-8.66687513450911,2023-10-09,DDS-UP-1530,1,2024-01-25,low,valid,valid
DDS-26-00267,Stonehouse Marketing Ltd,"Dublin, Ireland",IE1234567,Killeen Paper Mills,wood,4818,Toilet tissue rolls,8996.8,108142.8623683935,IE,54.61006338066276,-8.778069895554296,2026-04-25,DDS-UP-2453,1,2026-07-06,low,valid,valid
DDS-25-00268,Stonehouse Marketing Ltd,"Dublin, Ireland",IE1234567,Western Hygiene Supplies,wood,4818,Toilet tissue rolls,18150.1,250736.57021510418,IE,52.54862258940583,-8.996615659807299,2025-02-06,DDS-UP-8179,1,2025-04-29,low,valid,valid
DDS-25-00269,Stonehouse Marketing Ltd,"Dublin, Ireland",IE1234567,Millbrook Oils,wood,4401,Firelogs 700g,16448.8,210465.14943927724,IE,53.43807190303536,-8.895714321088635,2025-11-01,DDS-UP-3664,1,2025-12-05,low,valid,valid
DDS-25-00270,Stonehouse Marketing Ltd,"Dublin, Ireland",IE1234567,Connolly Pet Foods,wood,4818,Toilet tissue rolls,4442.2,61798.36095228192,IE,54.654986394302355,-8.977398794700022,2024-10-14,DDS-UP-2525,1,2025-01-13,low,valid,valid
DDS-25-00271,Stonehouse Marketing Ltd,"Dublin, Ireland",IE1234567,Western Hygiene Supplies,cattle,2309,Beef pet food complete,2980.8,33756.59002948931,IE,53.76090552579605,-7.378047123035343,2025-07-18,DDS-UP-4112,1,2025-10-25,low,valid,valid
DDS-26-00272,Stonehouse Marketing Ltd,"Dublin, Ireland",IE1234567,Connolly Pet Foods,wood,4818,Toilet tissue rolls,4263.0,50092.576413976494,IE,52.51264485484173,-9.05109367088447,2025-11-22,DDS-UP-8005,1,2026-02-21,low,valid,valid
DDS-24-00273,Stonehouse Marketing Ltd,"Dublin, Ireland",IE1234567,Western Hygiene Supplies,wood,4818,Toilet tissue rolls,8054.7,77244.78550477981,IE,52.312496575076665,-8.324565601861678,2024-05-12,DDS-UP-9013,1,2024-09-01,low,valid,valid
DDS-25-00274,Stonehouse Marketing Ltd,"Dublin, Ireland",IE1234567,Longford Fuels,wood,4401,Firelogs 700g,11273.6,100411.52062708727,IE,54.456478078248615,-8.091795005204165,2025-07-09,DDS-UP-5400,1,2025-11-05,low,valid,valid
DDS-26-00275,Stonehouse Marketing Ltd,"Dublin, Ireland",IE1234567,Millbrook Oils,cattle,2309,Beef pet food complete,6074.1,63849.678518156084,IE,52.83137415963814,-7.575652981981934,2026-09-04,DDS-UP-7342,1,2026-12-11,low,valid,valid
DDS-25-00276,Stonehouse Marketing Ltd,"Dublin, Ireland",IE1234567,Connolly Pet Foods,cattle,2309,Beef pet food complete,22618.0,303142.9554821868,BR,-10.281857128106344,-55.793073941552734,2025-03-03,,1,2025-06-14,standard,flagged: missing_prior,missing_prior
DDS-25-00277,Stonehouse Marketing Ltd,"Dublin, Ireland",IE1234567,Killeen Paper Mills,cattle,2309,Beef pet food complete,24318.0,256317.7848093405,IE,52.160845624266294,-6.92843373308242,2024-09-21,,1,2025-01-16,low,valid,valid
DDS-25-00278,Stonehouse Marketing Ltd,"Dublin, Ireland",IE1234567,Atlantic Mills,wood,4818,Toilet tissue rolls,22897.3,259021.70264455632,BR,-10.118321363302806,-53.99767564397199,2025-02-24,DDS-UP-7358,1,2025-04-30,standard,valid,valid
DDS-26-00279,Stonehouse Marketing Ltd,"Dublin, Ireland",IE1234567,Connolly Pet Foods,wood,4401,Firelogs 700g,3256.7,37048.553196938774,SE,58.63709139197805,15.6012363647608,2026-01-23,DDS-UP-2641,1,2026-03-06,low,valid,valid
DDS-25-00280,Stonehouse Marketing Ltd,"Dublin, Ireland",IE1234567,Atlantic Mills,cattle,2309,Beef pet food complete,12396.8,129147.92540730741,IE,54.440407353875095,-6.566319311911836,2025-01-18,DDS-UP-1613,1,2025-05-07,low,valid,valid
DDS-25-00281,Stonehouse Marketing Ltd,"Dublin, Ireland",IE1234567,Killeen Paper Mills,wood,4401,Firelogs 700g,1707.6,13868.098083371226,IE,51.91634759744538,-6.531277358257228,2025-05-11,DDS-UP-5400,1,2025-07-18,low,valid,valid
DDS-26-00282,Stonehouse Marketing Ltd,"Dublin, Ireland",IE1234567,Killeen Paper Mills,wood,4818,Toilet tissue rolls,3792.4,49130.31442064916,SE,61.174704349700725,15.554556081404181,2026-10-09,,1,2026-12-12,low,flagged: missing_prior,missing_prior
DDS-26-00283,Stonehouse Marketing Ltd,"Dublin, Ireland",IE1234567,Connolly Pet Foods,cattle,2309,Beef pet food complete,18653.1,241111.9171328863,IE,52.0678605509088,-7.874850205822502,2026-07-31,,1,2026-11-03,low,valid,valid
DDS-26-00284,Stonehouse Marketing Ltd,"Dublin, Ireland",IE1234567,Millbrook Oils,cattle,2309,Beef pet food complete,22043.6,202897.24456989672,IE,53.928708195093165,-7.989844576962669,2026-06-25,DDS-UP-4158,1,2026-08-01,low,valid,valid
DDS-25-00285,Stonehouse Marketing Ltd,"Dublin, Ireland",IE1234567,Connolly Pet Foods,wood,4818,Toilet tissue rolls,12875.6,121695.38878418802,IE,54.554093208023346,-7.086098164339891,2025-02-15,DDS-UP-3029,1,2025-05-18,low,valid,valid
DDS-25-00286,Stonehouse Marketing Ltd,"Dublin, Ireland",IE1234567,Killeen Paper Mills,wood,4401,Firelogs 700g,21022.5,216939.46087891413,IE,54.41144231575539,-7.43935925473272,2025-06-17,DDS-UP-2480,1,2025-08-06,low,valid,valid
DDS-25-00287,Stonehouse Marketing Ltd,"Dublin, Ireland",IE1234567,Killeen Paper Mills,soy,2309,Complete dog food (soy),7092.5,97896.57272803826,AR,-34.857044238065676,-64.83594676895335,2024-11-26,DDS-UP-1328,1,2025-03-23,standard,valid,valid
DDS-24-00288,Stonehouse Marketing Ltd,"Dublin, Ireland",IE1234567,Longford Fuels,wood,4818,Toilet tissue rolls,15404.4,188799.54867220353,SE,60.54211466252507,15.3034258514836,2023-12-29,,1,2024-03-03,low,flagged: missing_prior,missing_prior
DDS-25-00289,Stonehouse Marketing Ltd,"Dublin, Ireland",IE1234567,Atlantic Mills,wood,4818,Toilet tissue rolls,13255.6,182912.86754120444,IE,52.84612759781624,-8.444003872166371,2025-09-08,DDS-UP-2676,1,2025-11-24,low,valid,valid
DDS-25-00290,Stonehouse Marketing Ltd,"Dublin, Ireland",IE1234567,Longford Fuels,wood,4401,Firelogs 700g,24714.8,303165.6426670103,IE,52.64803063344529,-7.146760592428494,2025-08-16,DDS-UP-5536,1,2025-12-07,low,valid,valid
DDS-26-00291,Stonehouse Marketing Ltd,"Dublin, Ireland",IE1234567,Millbrook Oils,wood,4818,Toilet tissue rolls,10400.4,124101.76855822546,IE,54.09642316491087,-6.500938865763516,2026-06-13,DDS-UP-3292,1,2026-08-19,low,valid,valid
DDS-26-00292,Stonehouse Marketing Ltd,"Dublin, Ireland",IE1234567,Millbrook Oils,wood,4818,Toilet tissue rolls,20492.4,242422.66445524804,IE,52.964824763016374,-9.094042985520728,2026-03-11,DDS-UP-4643,1,2026-06-09,low,valid,valid
DDS-26-00293,Stonehouse Marketing Ltd,"Dublin, Ireland",IE1234567,Millbrook Oils,soy,2309,Complete dog food (soy),4937.8,60987.35946021558,AR,-33.978055433179556,-62.96374226726621,2026-06-04,DDS-UP-3096,1,2026-09-13,standard,valid,valid
DDS-24-00294,Stonehouse Marketing Ltd,"Dublin, Ireland",IE1234567,Longford Fuels,cattle,2309,Beef pet food complete,5971.5,79546.71754196852,IE,53.83913710786978,-8.193102610384644,2024-06-28,,1,2024-09-13,low,valid,valid
DDS-26-00295,Stonehouse Marketing Ltd,"Dublin, Ireland",IE1234567,Millbrook Oils,wood,4818,Toilet tissue rolls,14717.7,161936.85512742764,IE,54.353641664634225,-7.788390296987959,2026-06-06,DDS-UP-8736,1,2026-10-01,low,valid,valid
DDS-24-00296,Stonehouse Marketing Ltd,"Dublin, Ireland",IE1234567,Killeen Paper Mills,wood,4818,Toilet tissue rolls,8895.4,123823.03874471548,IE,51.96218591192772,-6.637280688789969,2024-10-11,,1,2024-11-28,low,valid,valid
DDS-26-00297,Stonehouse Marketing Ltd,"Dublin, Ireland",IE1234567,Killeen Paper Mills,wood,4818,Toilet tissue rolls,8178.6,102781.77221846995,IE,54.13682353230144,-7.737257462755678,2026-02-18,DDS-UP-8406,1,2026-04-10,low,valid,valid
DDS-24-00298,Stonehouse Marketing Ltd,"Dublin, Ireland",IE1234567,Connolly Pet Foods,wood,4401,Firelogs 700g,16020.4,131789.44815257538,IE,54.155632717093134,-6.8607426310768425,2024-09-23,DDS-UP-8821,1,2024-11-17,low,valid,valid
DDS-26-00299,Stonehouse Marketing Ltd,"Dublin, Ireland",IE1234567,Western Hygiene Supplies,cattle,2309,Beef pet food complete,17080.3,226517.4152346729,BR,-9.323980823407773,-54.22945678606863,2025-11-11,DDS-UP-5076,1,2026-01-19,standard,valid,valid
DDS-26-00300,Stonehouse Marketing Ltd,"Dublin, Ireland",IE1234567,Longford Fuels,wood,4818,Toilet tissue rolls,23737.4,238015.16870969912,IE,53.566012064504214,-8.698939438195072,2026-05-07,DDS-UP-9524,1,2026-09-01,low,valid,valid
DDS-25-00301,Stonehouse Marketing Ltd,"Dublin, Ireland",IE1234567,Connolly Pet Foods,soy,1507,Soybean oil blend,968.6,7876.1511719365335,BR,-9.295848671566427,-55.4222473409001,2024-11-04,DDS-UP-3149,1,2025-02-06,standard,valid,valid
DDS-26-00302,Stonehouse Marketing Ltd,"Dublin, Ireland",IE1234567,Longford Fuels,wood,4818,Toilet tissue rolls,19395.6,231222.8165967218,IE,53.751621140363675,-9.087909716922214,2026-09-06,DDS-UP-1785,1,2026-10-08,low,valid,valid
DDS-25-00303,Stonehouse Marketing Ltd,"Dublin, Ireland",IE1234567,Atlantic Mills,wood,4818,Toilet tissue rolls,4251.6,50891.59867024389,IE,53.13294286683769,-8.829214811013287,2024-12-31,DDS-UP-1152,1,2025-04-24,low,valid,valid
DDS-26-00304,Stonehouse Marketing Ltd,"Dublin, Ireland",IE1234567,Millbrook Oils,wood,4401,Firelogs 700g,18109.8,198962.12931970286,IE,53.902179038610235,-7.9435227446857235,2026-07-08,DDS-UP-2867,1,2026-10-23,low,valid,valid
DDS-26-00305,Stonehouse Marketing Ltd,"Dublin, Ireland",IE1234567,Longford Fuels,wood,4818,Toilet tissue rolls,4429.2,48207.34041199875,IE,53.36943832277774,-8.594980430053432,2026-04-06,DDS-UP-4402,1,2026-06-05,low,valid,valid
DDS-26-00306,Stonehouse Marketing Ltd,"Dublin, Ireland",IE1234567,Killeen Paper Mills,wood,4818,Toilet tissue rolls,23761.4,204532.02146823218,IE,54.520640132809376,-6.694303504210277,2026-03-09,,1,2026-05-10,low,valid,valid
DDS-24-00307,Stonehouse Marketing Ltd,"Dublin, Ireland",IE1234567,Killeen Paper Mills,wood,4401,Firelogs 700g,21916.4,264324.91613275174,IE,54.73187285876323,-8.407624931686877,2024-04-07,,1,2024-06-30,low,valid,valid
DDS-26-00308,Stonehouse Marketing Ltd,"Dublin, Ireland",IE1234567,Atlantic Mills,cattle,2309,Beef pet food complete,16356.4,157182.65508161922,IE,54.07461201452371,-9.062332738719755,2026-08-11,DDS-UP-8171,1,2026-09-21,low,valid,valid
DDS-25-00309,Stonehouse Marketing Ltd,"Dublin, Ireland",IE1234567,Connolly Pet Foods,wood,4818,Toilet tissue rolls,17402.6,222430.58954358622,IE,52.141495999711246,-7.9992493220647445,2025-10-02,DDS-UP-7909,1,2025-11-15,low,valid,valid
DDS-24-00310,Stonehouse Marketing Ltd,"Dublin, Ireland",IE1234567,Millbrook Oils,wood,4818,Toilet tissue rolls,12325.5,126687.70936795723,IE,54.744707511569565,-6.66695045770566,2024-07-25,DDS-UP-8178,1,2024-10-08,low,valid,valid
DDS-26-00311,Stonehouse Marketing Ltd,"Dublin, Ireland",IE1234567,Connolly Pet Foods,wood,4401,Firelogs 700g,23049.8,193157.69922757105,SE,61.23985073950596,15.681835904123885,2026-06-28,DDS-UP-7738,1,2026-10-19,low,valid,valid
DDS-26-00312,Stonehouse Marketing Ltd,"Dublin, Ireland",IE1234567,Millbrook Oils,wood,4818,Toilet tissue rolls,5987.6,66549.76742846963,IE,53.83378676306049,-6.897413845130269,2025-10-30,,1,2026-02-25,low,valid,valid
DDS-25-00313,Stonehouse Marketing Ltd,"Dublin, Ireland",IE1234567,Atlantic Mills,cattle,2309,Beef pet food complete,16214.4,178900.0490254069,IE,,,2025-05-03,DDS-UP-1894,1,2025-08-01,low,flagged: missing_geo,missing_geo
DDS-25-00314,Stonehouse Marketing Ltd,"Dublin, Ireland",IE1234567,Longford Fuels,soy,2309,Complete dog food (soy),1733.6,16313.175999909374,US,37.72459572743095,-95.0250561165668,2025-01-13,DDS-UP-7203,1,2025-04-11,low,valid,valid
DDS-25-00315,Stonehouse Marketing Ltd,"Dublin, Ireland",IE1234567,Connolly Pet Foods,wood,4818,Toilet tissue rolls,18758.4,212772.51818601857,IE,52.06405958510762,-7.704631561478941,2025-06-02,DDS-UP-7609,1,2025-07-02,low,valid,valid
DDS-26-00316,Stonehouse Marketing Ltd,"Dublin, Ireland",IE1234567,Millbrook Oils,soy,2309,Complete dog food (soy),5567.9,46356.39376098442,AR,-32.610486255159984,-63.58738563274001,2026-08-21,DDS-UP-6584,1,2026-10-18,standard,valid,valid
DDS-26-00317,Stonehouse Marketing Ltd,"Dublin, Ireland",IE1234567,Longford Fuels,soy,23x9,Complete dog food (soy),18039.9,234145.33385073624,BR,-9.697750800406382,-54.70014654532521,2026-04-09,DDS-UP-4633,1,2026-06-15,standard,flagged: invalid_hs,invalid_hs
DDS-25-00318,Stonehouse Marketing Ltd,"Dublin, Ireland",IE1234567,Atlantic Mills,wood,4401,Firelogs 700g,18691.5,170564.80482621878,IE,52.11896668774883,-6.509368643965825,2025-09-27,DDS-UP-5166,1,2025-12-16,low,valid,valid
DDS-26-00319,Stonehouse Marketing Ltd,"Dublin, Ireland",IE1234567,Western Hygiene Supplies,wood,4818,Toilet tissue rolls,23202.3,293111.66377369844,SE,59.17173629217121,14.513800645793209,2026-04-19,,1,2026-07-15,low,flagged: missing_prior,missing_prior
DDS-24-00320,Stonehouse Marketing Ltd,"Dublin, Ireland",IE1234567,Atlantic Mills,wood,4401,Firelogs 700g,1690.0,18416.930110254292,IE,53.312592728465106,-6.308435731407361,2023-11-08,,1,2024-02-11,low,valid,valid
DDS-26-00321,Stonehouse Marketing Ltd,"Dublin, Ireland",IE1234567,Western Hygiene Supplies,cattle,2309,Beef pet food complete,9991.4,102991.10973246307,BR,-9.924546862127906,-55.979049189452205,2026-05-11,DDS-UP-6273,1,2026-08-26,standard,valid,valid
DDS-26-00322,Stonehouse Marketing Ltd,"Dublin, Ireland",IE1234567,Connolly Pet Foods,soy,2309,Complete dog food (soy),20217.5,246834.76732396783,AR,-34.679212360131665,-62.609219386960746,2026-10-02,DDS-UP-9393,1,2026-12-11,standard,valid,valid
DDS-26-00323,Stonehouse Marketing Ltd,"Dublin, Ireland",IE1234567,Longford Fuels,cattle,2309,Beef pet food complete,17322.0,212408.92318460924,BR,-10.102250146478209,-55.89733275302397,2026-02-12,,1,2026-04-05,standard,flagged: missing_prior,missing_prior
DDS-25-00324,Stonehouse Marketing Ltd,"Dublin, Ireland",IE1234567,Connolly Pet Foods,wood,4401,Firelogs 700g,14778.8,178017.457744518,IE,52.76714419224156,-8.853784243149125,2025-05-02,,1,2025-08-08,low,valid,valid
DDS-24-00325,Stonehouse Marketing Ltd,"Dublin, Ireland",IE1234567,Killeen Paper Mills,wood,4818,Toilet tissue rolls,1800.1,16138.99882014349,SE,61.02491433798009,15.068189958627606,2024-02-24,DDS-UP-5374,1,2024-04-30,low,valid,valid
DDS-25-00326,Stonehouse Marketing Ltd,"Dublin, Ireland",IE1234567,Millbrook Oils,cattle,2309,Beef pet food complete,1291.5,17058.406110448024,IE,51.98609847181875,-6.8469277971579015,2024-11-16,,1,2025-02-25,low,valid,valid
DDS-26-00327,Stonehouse Marketing Ltd,"Dublin, Ireland",IE1234567,Atlantic Mills,soy,2309,Complete dog food (soy),7547.1,103698.75262725755,AR,-33.816188341627566,-64.78721358230139,2026-04-09,DDS-UP-7251,1,2026-08-04,standard,valid,valid
DDS-26-00328,Stonehouse Marketing Ltd,"Dublin, Ireland",IE1234567,Connolly Pet Foods,wood,4818,Toilet tissue rolls,20834.6,247635.77019988024,IE,51.83889571302391,-8.445976614883083,2025-12-18,,1,2026-04-02,low,valid,valid
DDS-25-00329,Stonehouse Marketing Ltd,"Dublin, Ireland",IE1234567,Killeen Paper Mills,wood,4401,Firelogs 700g,24594.6,214369.55548040447,IE,54.128440235366995,-6.307130530621908,2025-05-05,DDS-UP-3847,1,2025-06-09,low,valid,valid
DDS-25-00330,Stonehouse Marketing Ltd,"Dublin, Ireland",IE1234567,Longford Fuels,wood,48x8,Toilet tissue rolls,11925.1,138107.94588382792,IE,52.19019959034611,-7.448041826948207,2025-01-07,,1,2025-04-27,low,flagged: invalid_hs,invalid_hs
DDS-25-00331,Stonehouse Marketing Ltd,"Dublin, Ireland",IE1234567,Atlantic Mills,wood,4401,Firelogs 700g,8287.5,105396.6909510501,IE,53.271652823461025,-7.48196902833521,2025-06-25,DDS-UP-4012,1,2025-08-14,low,valid,valid
DDS-25-00332,Stonehouse Marketing Ltd,"Dublin, Ireland",IE1234567,Longford Fuels,wood,4818,Toilet tissue rolls,8611.1,97891.05454186036,IE,52.0758366618172,-8.536405756695642,2024-11-16,DDS-UP-9691,1,2025-03-09,low,valid,valid
DDS-26-00333,Stonehouse Marketing Ltd,"Dublin, Ireland",IE1234567,Millbrook Oils,wood,4818,Toilet tissue rolls,6473.8,82717.2931652037,IE,53.137001738854075,-6.486510624536924,2026-02-11,DDS-UP-6258,1,2026-03-27,low,valid,valid
DDS-26-00334,Stonehouse Marketing Ltd,"Dublin, Ireland",IE1234567,Longford Fuels,wood,4818,Toilet tissue rolls,13100.6,119936.96673618357,IE,52.648486982838186,-6.4659922201141455,2026-05-28,DDS-UP-8975,1,2026-08-31,low,valid,valid
DDS-26-00335,Stonehouse Marketing Ltd,"Dublin, Ireland",IE1234567,Atlantic Mills,wood,4818,Toilet tissue rolls,2104.1,22188.274646976122,IE,54.7148863097193,-6.880044445291725,2025-12-08,DDS-UP-4492,1,2026-01-20,low,valid,valid
DDS-25-00336,Stonehouse Marketing Ltd,"Dublin, Ireland",IE1234567,Western Hygiene Supplies,wood,4818,Toilet tissue rolls,18798.8,154663.70352189936,SE,61.235911695127726,15.72412510458842,2025-09-17,DDS-UP-8523,1,2025-10-26,low,valid,valid
DDS-25-00337,Stonehouse Marketing Ltd,"Dublin, Ireland",IE1234567,Longford Fuels,wood,4818,Toilet tissue rolls,10487.0,84958.81350763318,IE,53.47425261595343,-7.475113117211626,2024-11-30,DDS-UP-7626,1,2025-03-26,low,valid,valid
DDS-26-00338,Stonehouse Marketing Ltd,"Dublin, Ireland",IE1234567,Western Hygiene Supplies,wood,4818,Toilet tissue rolls,17671.6,224806.63315240323,IE,53.96085704308039,-9.010287227720903,2026-04-30,DDS-UP-9238,1,2026-07-07,low,valid,valid
DDS-26-00339,Stonehouse Marketing Ltd,"Dublin, Ireland",IE1234567,Western Hygiene Supplies,wood,4401,Firelogs 700g,12112.7,154807.8476366278,IE,54.58007263923457,-8.055759276558907,2026-05-24,DDS-UP-3234,1,2026-08-31,low,valid,valid
DDS-26-00340,Stonehouse Marketing Ltd,"Dublin, Ireland",IE1234567,Atlantic Mills,wood,4818,Toilet tissue rolls,16374.5,144885.55823496345,IE,52.69416950964828,-6.539065643083254,2026-11-03,,1,2026-12-08,low,valid,valid
DDS-25-00341,Stonehouse Marketing Ltd,"Dublin, Ireland",IE1234567,Atlantic Mills,wood,4818,Toilet tissue rolls,18665.0,250741.2831182619,IE,53.41145614566338,-6.359061832313385,2025-03-17,,1,2025-06-20,low,valid,valid
DDS-24-00342,Stonehouse Marketing Ltd,"Dublin, Ireland",IE1234567,Atlantic Mills,wood,4818,Toilet tissue rolls,20091.7,273130.97374832263,IE,53.65065476972047,-8.441774666436176,2024-07-17,,1,2024-10-25,low,valid,valid
DDS-24-00343,Stonehouse Marketing Ltd,"Dublin, Ireland",IE1234567,Atlantic Mills,wood,4401,Firelogs 700g,14724.6,177104.15212730964,IE,52.67195800256025,-8.997911727785596,2024-07-31,,1,2024-09-29,low,valid,valid
DDS-25-00344,Stonehouse Marketing Ltd,"Dublin, Ireland",IE1234567,Millbrook Oils,wood,4818,Toilet tissue rolls,16655.8,169671.97859585666,IE,54.50035577252876,-8.246642188298823,2025-08-31,DDS-UP-3496,1,2025-11-09,low,valid,valid
DDS-26-00345,Stonehouse Marketing Ltd,"Dublin, Ireland",IE1234567,Atlantic Mills,soy,1507,Soybean oil blend,11185.0,138669.80432287743,BR,-11.060355657797118,-54.14301966380643,2026-03-13,,1,2026-06-12,standard,flagged: missing_prior,missing_prior
DDS-25-00346,Stonehouse Marketing Ltd,"Dublin, Ireland",IE1234567,Millbrook Oils,wood,4401,Firelogs 700g,2508.4,23023.579109401904,IE,52.71641538933601,-7.5449845215194085,2024-10-02,DDS-UP-3293,1,2025-01-20,low,valid,valid
DDS-24-00347,Stonehouse Marketing Ltd,"Dublin, Ireland",IE1234567,Millbrook Oils,wood,4818,Toilet tissue rolls,14683.1,120694.16953081383,IE,51.8558908846137,-7.6784650661432785,2024-03-14,,1,2024-05-16,low,valid,valid
DDS-25-00348,Stonehouse Marketing Ltd,"Dublin, Ireland",IE1234567,Killeen Paper Mills,wood,4401,Firelogs 700g,22340.2,245892.7512392151,BR,-10.583688147651223,-54.174408283487715,2025-07-11,DDS-UP-5767,1,2025-08-21,standard,valid,valid
DDS-26-00349,Stonehouse Marketing Ltd,"Dublin, Ireland",IE1234567,Millbrook Oils,wood,4818,Toilet tissue rolls,17262.0,154586.98426823635,IE,53.78803546813609,-6.6560544796884,2026-05-10,,1,2026-08-20,low,valid,valid
DDS-25-00350,Stonehouse Marketing Ltd,"Dublin, Ireland",IE1234567,Longford Fuels,soy,2309,Complete dog food (soy),1490.3,14286.228451806423,AR,-32.596793320487464,-63.292240573495526,2025-10-11,,1,2025-12-09,standard,flagged: missing_prior,missing_prior
DDS-25-00351,Stonehouse Marketing Ltd,"Dublin, Ireland",IE1234567,Connolly Pet Foods,wood,4818,Toilet tissue rolls,22098.0,305187.7084540709,IE,54.52317827771888,-8.116245906321113,2025-08-07,DDS-UP-6309,1,2025-11-26,low,valid,valid
DDS-25-00352,Stonehouse Marketing Ltd,"Dublin, Ireland",IE1234567,Atlantic Mills,soy,2309,Complete dog food (soy),9773.7,100258.3476437118,US,38.28994820815246,-94.86694981373489,2024-11-21,DDS-UP-2275,1,2025-01-18,low,valid,valid
DDS-25-00353,Stonehouse Marketing Ltd,"Dublin, Ireland",IE1234567,Millbrook Oils,wood,4401,Firelogs 700g,661.6,6205.7713448197355,IE,54.40315826561374,-7.739415311977473,2025-09-03,,1,2025-12-07,low,valid,valid
DDS-26-00354,Stonehouse Marketing Ltd,"Dublin, Ireland",IE1234567,Western Hygiene Supplies,wood,4401,Firelogs 700g,16697.2,181817.47878911675,IE,52.3607170274263,-8.113331167354726,2026-03-17,DDS-UP-6410,1,2026-06-16,low,valid,valid
DDS-25-00355,Stonehouse Marketing Ltd,"Dublin, Ireland",IE1234567,Killeen Paper Mills,wood,4401,Firelogs 700g,14550.4,129224.87571366767,IE,53.74177770242166,-7.9673023785104,2025-02-22,DDS-UP-9399,1,2025-04-14,low,valid,valid
DDS-26-00356,Stonehouse Marketing Ltd,"Dublin, Ireland",IE1234567,Western Hygiene Supplies,wood,4818,Toilet tissue rolls,22023.5,301359.0734536714,IE,54.67471500945366,-7.401927431615211,2025-12-20,,1,2026-02-15,low,valid,valid
DDS-26-00357,Stonehouse Marketing Ltd,"Dublin, Ireland",IE1234567,Millbrook Oils,wood,4818,Toilet tissue rolls,3996.4,44219.48441697645,BR,-9.398092803023717,-55.98829964803091,2026-07-17,DDS-UP-3979,1,2026-09-06,standard,valid,valid
DDS-25-00358,Stonehouse Marketing Ltd,"Dublin, Ireland",IE1234567,Connolly Pet Foods,cattle,2309,Beef pet food complete,3739.2,41229.00683930165,IE,53.160410435420275,-7.428212027203078,2025-01-05,DDS-UP-9564,1,2025-03-29,low,valid,valid
DDS-26-00359,Stonehouse Marketing Ltd,"Dublin, Ireland",IE1234567,Millbrook Oils,soy,2309,Complete dog food (soy),12831.6,172096.2455490386,AR,-34.96773344704801,-62.79517534491238,2025-12-07,DDS-UP-8901,1,2026-03-16,standard,valid,valid
DDS-26-00360,Stonehouse Marketing Ltd,"Dublin, Ireland",IE1234567,Longford Fuels,soy,2309,Complete dog food (soy),21933.2,281047.6639544715,US,39.82461126920341,-94.5523047946804,2025-10-25,DDS-UP-8028,1,2026-01-11,low,valid,valid
DDS-26-00361,Stonehouse Marketing Ltd,"Dublin, Ireland",IE1234567,Connolly Pet Foods,wood,4818,Toilet tissue rolls,3780.1,32141.833026782107,SE,61.323576629792285,16.011571542100032,2025-11-11,DDS-UP-4809,1,2026-02-25,low,valid,valid
DDS-26-00362,Stonehouse Marketing Ltd,"Dublin, Ireland",IE1234567,Millbrook Oils,soy,2309,Complete dog food (soy),13302.2,161310.464115792,BR,-11.432936958846387,-54.372553488381676,2026-05-30,DDS-UP-7144,1,2026-08-08,standard,valid,valid
DDS-25-00363,Stonehouse Marketing Ltd,"Dublin, Ireland",IE1234567,Millbrook Oils,wood,4818,Toilet tissue rolls,10877.3,112957.76803699981,IE,53.07821476723796,-7.443889445357783,2025-03-09,DDS-UP-5514,1,2025-05-04,low,valid,valid
DDS-26-00364,Stonehouse Marketing Ltd,"Dublin, Ireland",IE1234567,Longford Fuels,wood,4818,Toilet tissue rolls,24718.5,324553.7452428905,IE,53.24740327102064,-8.089361093362559,2025-10-17,DDS-UP-7522,1,2026-02-08,low,valid,valid
DDS-24-00365,Stonehouse Marketing Ltd,"Dublin, Ireland",IE1234567,Millbrook Oils,wood,4818,Toilet tissue rolls,10313.7,142199.32920960817,IE,54.14932778103601,-6.352264464755466,2024-09-02,DDS-UP-1852,1,2024-10-02,low,valid,valid
DDS-24-00366,Stonehouse Marketing Ltd,"Dublin, Ireland",IE1234567,Longford Fuels,soy,2309,Complete dog food (soy),5933.4,80599.95795591135,US,38.91500598026503,-94.69926367472013,2024-06-22,DDS-UP-1618,1,2024-09-11,low,valid,valid
DDS-26-00367,Stonehouse Marketing Ltd,"Dublin, Ireland",IE1234567,Killeen Paper Mills,wood,4401,Firelogs 700g,16187.1,219894.48232063517,IE,53.93481749512694,-7.4075823085577115,2026-08-20,DDS-UP-4304,1,2026-11-24,low,valid,valid
DDS-25-00368,Stonehouse Marketing Ltd,"Dublin, Ireland",IE1234567,Killeen Paper Mills,wood,4818,Toilet tissue rolls,17013.6,144973.85325605786,IE,53.59854473867747,-7.652559105341515,2025-01-25,DDS-UP-1004,1,2025-03-31,low,valid,valid
DDS-26-00369,Stonehouse Marketing Ltd,"Dublin, Ireland",IE1234567,Atlantic Mills,cattle,2309,Beef pet food complete,17738.7,219194.14037930887,IE,52.98542935115361,-7.441759504370904,2025-09-28,,1,2026-01-07,low,valid,valid
DDS-26-00370,Stonehouse Marketing Ltd,"Dublin, Ireland",IE1234567,Killeen Paper Mills,soy,2309,Complete dog food (soy),11641.6,121570.99077973758,BR,-9.110137004803534,-55.670476453908634,2026-02-07,DDS-UP-1076,1,2026-03-22,standard,valid,valid
DDS-26-00371,Stonehouse Marketing Ltd,"Dublin, Ireland",IE1234567,Longford Fuels,wood,4401,Firelogs 700g,21964.8,267205.1123930689,IE,52.81989768327062,-8.848973007434408,2025-10-17,,1,2026-01-03,low,valid,valid
DDS-25-00372,Stonehouse Marketing Ltd,"Dublin, Ireland",IE1234567,Connolly Pet Foods,wood,4401,Firelogs 700g,22464.8,214469.61671628917,IE,54.07241985514001,-6.316283824095157,2025-08-31,,1,2025-11-17,low,valid,valid
DDS-25-00373,Stonehouse Marketing Ltd,"Dublin, Ireland",IE1234567,Longford Fuels,wood,4401,Firelogs 700g,13154.4,112576.09948874531,BR,-9.9692610718047,-55.81020958423254,2025-03-08,DDS-UP-5314,1,2025-07-02,standard,valid,valid
DDS-25-00374,Stonehouse Marketing Ltd,"Dublin, Ireland",IE1234567,Killeen Paper Mills,cattle,2309,Beef pet food complete,22410.7,206133.60144608503,IE,53.463654512123675,-8.664542758243782,2025-05-01,DDS-UP-4115,1,2025-06-30,low,valid,valid
DDS-26-00375,Stonehouse Marketing Ltd,"Dublin, Ireland",IE1234567,Killeen Paper Mills,soy,2309,Complete dog food (soy),19584.0,234626.98289896615,BR,-11.39170032363518,-55.750913698159124,2025-12-13,DDS-UP-2285,1,2026-03-31,standard,valid,valid
DDS-25-00376,Stonehouse Marketing Ltd,"Dublin, Ireland",IE1234567,Longford Fuels,wood,4818,Toilet tissue rolls,12562.3,165980.80846259795,SE,61.473979271402875,16.044031787267894,2025-05-27,,1,2025-08-27,low,flagged: missing_prior,missing_prior
DDS-26-00377,Stonehouse Marketing Ltd,"Dublin, Ireland",IE1234567,Killeen Paper Mills,wood,4818,Toilet tissue rolls,1826.6,20539.400376508187,IE,53.33340090692639,-8.006361506385518,2026-04-07,,1,2026-07-10,low,valid,valid
DDS-24-00378,Stonehouse Marketing Ltd,"Dublin, Ireland",IE1234567,Millbrook Oils,wood,4818,Toilet tissue rolls,11771.7,120972.67577894275,SE,60.92771189156473,14.871588102948081,2024-09-22,DDS-UP-1193,1,2024-11-03,low,valid,valid
DDS-25-00379,Stonehouse Marketing Ltd,"Dublin, Ireland",IE1234567,Connolly Pet Foods,wood,4818,Toilet tissue rolls,23983.9,222167.53998616262,IE,52.579102307270894,-7.554309798862434,2024-12-08,DDS-UP-4013,1,2025-04-06,low,valid,valid
DDS-26-00380,Stonehouse Marketing Ltd,"Dublin, Ireland",IE1234567,Millbrook Oils,cattle,2309,Beef pet food complete,17307.3,221957.9099445977,IE,53.001777792266665,-7.847813025566431,2025-11-12,,1,2026-02-21,low,valid,valid
DDS-24-00381,Stonehouse Marketing Ltd,"Dublin, Ireland",IE1234567,Western Hygiene Supplies,wood,4818,Toilet tissue rolls,4826.9,47759.103096724604,IE,52.237531206012605,-6.322556237759993,2024-09-15,DDS-UP-9470,1,2024-12-16,low,valid,valid
DDS-26-00382,Stonehouse Marketing Ltd,"Dublin, Ireland",IE1234567,Western Hygiene Supplies,wood,4818,Toilet tissue rolls,5778.9,57834.88002253084,IE,53.50350355761593,-8.004794294410017,2026-03-11,DDS-UP-2577,1,2026-05-26,low,valid,valid
DDS-25-00383,Stonehouse Marketing Ltd,"Dublin, Ireland",IE1234567,Longford Fuels,wood,4818,Toilet tissue rolls,21750.5,249159.95438364442,IE,54.23004764447469,-8.167579170618161,2025-06-13,,1,2025-10-04,low,valid,valid
DDS-26-00384,Stonehouse Marketing Ltd,"Dublin, Ireland",IE1234567,Atlantic Mills,wood,4401,Firelogs 700g,11449.8,157315.2894956537,BR,-11.146173804511673,-55.52472913995699,2025-11-11,DDS-UP-5694,1,2026-01-01,standard,valid,valid
DDS-25-00385,Stonehouse Marketing Ltd,"Dublin, Ireland",IE1234567,Western Hygiene Supplies,wood,4401,Firelogs 700g,2438.2,23767.910356300126,SE,59.865449463530034,15.336930414400344,2025-07-26,DDS-UP-6136,1,2025-09-28,low,valid,valid
DDS-26-00386,Stonehouse Marketing Ltd,"Dublin, Ireland",IE1234567,Atlantic Mills,wood,4401,Firelogs 700g,14879.5,135452.80819735283,IE,54.463075419773865,-6.857077889230703,2026-10-19,,1,2026-11-20,low,valid,valid
DDS-26-00387,Stonehouse Marketing Ltd,"Dublin, Ireland",IE1234567,Killeen Paper Mills,wood,4818,Toilet tissue rolls,4589.3,49743.949459436255,IE,52.55494103000545,-6.968373965456406,2026-06-04,DDS-UP-2045,1,2026-07-10,low,valid,valid
DDS-25-00388,Stonehouse Marketing Ltd,"Dublin, Ireland",IE1234567,Killeen Paper Mills,wood,4818,Toilet tissue rolls,2565.6,24055.41383623125,IE,54.09498911640078,-8.95024639582794,2025-02-28,,1,2025-05-05,low,valid,valid
DDS-24-00389,Stonehouse Marketing Ltd,"Dublin, Ireland",IE1234567,Longford Fuels,wood,4818,Toilet tissue rolls,21579.0,285390.68301711674,IE,53.38022701379324,-8.688176047163353,2024-03-23,DDS-UP-8801,1,2024-05-26,low,valid,valid
DDS-26-00390,Stonehouse Marketing Ltd,"Dublin, Ireland",IE1234567,Connolly Pet Foods,wood,4401,Firelogs 700g,15960.7,188929.51111519194,IE,54.64545839647106,-7.582137294626907,2025-12-30,DDS-UP-8126,1,2026-03-09,low,valid,valid
DDS-25-00391,Stonehouse Marketing Ltd,"Dublin, Ireland",IE1234567,Connolly Pet Foods,soy,2309,Complete dog food (soy),6865.3,86157.87208204748,BR,-11.318614666058695,-56.23133793230667,2025-05-08,DDS-UP-1001,1,2025-06-24,standard,valid,valid
DDS-26-00392,Stonehouse Marketing Ltd,"Dublin, Ireland",IE1234567,Connolly Pet Foods,wood,4818,Toilet tissue rolls,7840.5,90808.84751595606,IE,51.824951331789116,-6.433734812767842,2026-10-26,,1,2026-11-25,low,valid,valid
DDS-25-00393,Stonehouse Marketing Ltd,"Dublin, Ireland",IE1234567,Atlantic Mills,wood,4401,Firelogs 700g,18559.4,157295.71073133245,IE,54.44648620547103,-7.888680900750636,2025-01-01,DDS-UP-7199,1,2025-04-21,low,valid,valid
DDS-26-00394,Stonehouse Marketing Ltd,"Dublin, Ireland",IE1234567,Longford Fuels,wood,4818,Toilet tissue rolls,16387.2,215014.68368233737,IE,54.52986321031785,-6.777275178717273,2026-03-30,DDS-UP-5404,1,2026-05-22,low,valid,valid
DDS-26-00395,Stonehouse Marketing Ltd,"Dublin, Ireland",IE1234567,Connolly Pet Foods,wood,4818,Toilet tissue rolls,5100.8,41483.71132808463,IE,53.16602903793147,-7.84169830220638,2026-04-21,DDS-UP-1813,1,2026-06-03,low,valid,valid
DDS-24-00396,Stonehouse Marketing Ltd,"Dublin, Ireland",IE1234567,Western Hygiene Supplies,wood,4818,Toilet tissue rolls,12592.7,138398.48940980528,IE,53.11524990634114,-9.17538773195124,2024-06-30,DDS-UP-6104,1,2024-09-15,low,valid,valid
DDS-26-00397,Stonehouse Marketing Ltd,"Dublin, Ireland",IE1234567,Western Hygiene Supplies,wood,4401,Firelogs 700g,7029.3,64340.263708007486,IE,52.79074594110749,-6.669361102195765,2026-09-27,DDS-UP-9899,1,2026-11-28,low,valid,valid
DDS-25-00398,Stonehouse Marketing Ltd,"Dublin, Ireland",IE1234567,Connolly Pet Foods,soy,2309,Complete dog food (soy),6555.5,81366.45087431061,US,37.865884668557314,-94.19556298744644,2025-03-09,,1,2025-04-20,low,flagged: missing_prior,missing_prior
DDS-25-00399,Stonehouse Marketing Ltd,"Dublin, Ireland",IE1234567,Longford Fuels,wood,4401,Firelogs 700g,4386.0,49550.74582255405,BR,-10.581523365025454,-54.45567303982644,2025-05-14,,1,2025-06-28,standard,flagged: missing_prior,missing_prior
DDS-26-00400,Stonehouse Marketing Ltd,"Dublin, Ireland",IE1234567,Killeen Paper Mills,wood,4818,Toilet tissue rolls,24345.2,219208.12809298604,IE,52.396170895407195,-6.537441271869373,2026-07-26,DDS-UP-8113,1,2026-09-29,low,valid,valid
DDS-26-00401,Stonehouse Marketing Ltd,"Dublin, Ireland",IE1234567,Atlantic Mills,wood,4401,Firelogs 700g,12144.1,115275.84772404013,IE,52.529267999729434,-6.293495211556703,2025-11-28,DDS-UP-7084,1,2026-03-01,low,valid,valid
DDS-26-00402,Stonehouse Marketing Ltd,"Dublin, Ireland",IE1234567,Western Hygiene Supplies,wood,4818,Toilet tissue rolls,9210.2,80634.97630352962,IE,54.592546353555875,-6.209080691049394,2026-02-06,DDS-UP-9787,1,2026-04-06,low,valid,valid
DDS-26-00403,Stonehouse Marketing Ltd,"Dublin, Ireland",IE1234567,Atlantic Mills,wood,4818,Toilet tissue rolls,5227.6,49684.03801986505,IE,53.7339379390336,-8.15804678338337,2026-09-14,DDS-UP-6868,1,2026-10-19,low,valid,valid
DDS-25-00404,Stonehouse Marketing Ltd,"Dublin, Ireland",IE1234567,Killeen Paper Mills,wood,4401,Firelogs 700g,13818.7,179478.62375716324,IE,52.68414378932269,-7.108886675013036,2024-10-30,DDS-UP-8674,1,2025-02-07,low,valid,valid
DDS-26-00405,Stonehouse Marketing Ltd,"Dublin, Ireland",IE1234567,Connolly Pet Foods,wood,4818,Toilet tissue rolls,517.6,6882.834776131334,IE,53.148152599387004,-6.74174434550071,2025-10-10,DDS-UP-7210,1,2026-01-27,low,valid,valid
DDS-26-00406,Stonehouse Marketing Ltd,"Dublin, Ireland",IE1234567,Millbrook Oils,soy,2309,Complete dog food (soy),20566.7,183553.45964540666,AR,-34.78364032535194,-63.33698931194823,2026-02-25,DDS-UP-9151,1,2026-05-02,standard,valid,valid
DDS-24-00407,Stonehouse Marketing Ltd,"Dublin, Ireland",IE1234567,Killeen Paper Mills,wood,4818,Toilet tissue rolls,4876.7,41903.14969605338,IE,52.13139240211821,-7.630398382420294,2024-04-22,DDS-UP-2753,1,2024-08-03,low,valid,valid
DDS-26-00408,Stonehouse Marketing Ltd,"Dublin, Ireland",IE1234567,Western Hygiene Supplies,wood,4401,Firelogs 700g,9475.7,113087.70537122388,IE,,,2026-01-28,DDS-UP-2161,1,2026-03-09,low,flagged: missing_geo,missing_geo
DDS-26-00409,Stonehouse Marketing Ltd,"Dublin, Ireland",IE1234567,Longford Fuels,wood,4401,Firelogs 700g,19959.1,247608.64328774437,IE,52.882778153375234,-6.969567677268897,2026-08-11,DDS-UP-5355,1,2026-10-18,low,valid,valid
DDS-25-00410,Stonehouse Marketing Ltd,"Dublin, Ireland",IE1234567,Connolly Pet Foods,wood,4818,Toilet tissue rolls,5141.8,70365.63618227202,IE,53.35845581957219,-8.896324637714656,2024-12-19,DDS-UP-5075,1,2025-03-30,low,valid,valid
DDS-25-00411,Stonehouse Marketing Ltd,"Dublin, Ireland",IE1234567,Connolly Pet Foods,cattle,2309,Beef pet food complete,17712.5,160871.64213972224,IE,52.11654254569746,-7.2841271003358745,2025-05-25,DDS-UP-2705,1,2025-08-14,low,valid,valid
DDS-26-00412,Stonehouse Marketing Ltd,"Dublin, Ireland",IE1234567,Longford Fuels,wood,4401,Firelogs 700g,13977.0,146395.93312615177,IE,53.40170143094137,-7.400252806178954,2026-07-28,,1,2026-11-16,low,valid,valid
DDS-25-00413,Stonehouse Marketing Ltd,"Dublin, Ireland",IE1234567,Millbrook Oils,wood,4818,Toilet tissue rolls,23190.6,240777.41027948572,IE,53.62524011077112,-7.510565891587148,2025-02-04,DDS-UP-8412,1,2025-03-10,low,valid,valid
DDS-25-00414,Stonehouse Marketing Ltd,"Dublin, Ireland",IE1234567,Longford Fuels,soy,1507,Soybean oil blend,24617.7,318405.94105413835,AR,-33.94717192347901,-62.51976397133638,2025-03-09,,1,2025-06-17,standard,flagged: missing_prior,missing_prior
DDS-25-00415,Stonehouse Marketing Ltd,"Dublin, Ireland",IE1234567,Killeen Paper Mills,wood,4401,Firelogs 700g,3891.0,50063.33913192794,IE,53.51483549076426,-8.917138617387348,2025-10-08,DDS-UP-5093,1,2025-11-18,low,valid,valid
DDS-25-00416,Stonehouse Marketing Ltd,"Dublin, Ireland",IE1234567,Connolly Pet Foods,wood,4401,Firelogs 700g,4736.1,54263.36737332372,IE,52.45231184067426,-8.968395303407746,2025-05-30,,1,2025-07-11,low,valid,valid
DDS-24-00417,Stonehouse Marketing Ltd,"Dublin, Ireland",IE1234567,Western Hygiene Supplies,wood,4401,Firelogs 700g,23085.9,304895.1715266371,IE,53.992368085868826,-7.471148911530984,2024-06-27,DDS-UP-8115,1,2024-08-25,low,valid,valid
DDS-26-00418,Stonehouse Marketing Ltd,"Dublin, Ireland",IE1234567,Western Hygiene Supplies,cattle,2309,Beef pet food complete,7967.2,79361.19766311946,IE,54.58595949734973,-7.298338690904857,2025-12-13,DDS-UP-9846,1,2026-04-11,low,valid,valid
DDS-25-00419,Stonehouse Marketing Ltd,"Dublin, Ireland",IE1234567,Millbrook Oils,wood,4818,Toilet tissue rolls,14593.7,151277.337192852,IE,53.99473572069482,-8.021351886442895,2025-09-20,DDS-UP-8076,1,2025-11-05,low,valid,valid
DDS-25-00420,Stonehouse Marketing Ltd,"Dublin, Ireland",IE1234567,Connolly Pet Foods,wood,4818,Toilet tissue rolls,12794.7,112711.38576386687,IE,54.03594511410544,-7.5555427849473515,2025-01-24,,1,2025-05-05,low,valid,valid
DDS-26-00421,Stonehouse Marketing Ltd,"Dublin, Ireland",IE1234567,Millbrook Oils,wood,4818,Toilet tissue rolls,6533.0,88488.36449492547,IE,53.5139920487128,-7.516497170567584,2026-11-18,DDS-UP-8046,1,2026-12-29,low,valid,valid
DDS-25-00422,Stonehouse Marketing Ltd,"Dublin, Ireland",IE1234567,Atlantic Mills,wood,4818,Toilet tissue rolls,1093.1,15238.858012844756,IE,52.89580293331238,-8.628530775292106,2025-05-06,DDS-UP-6729,1,2025-07-31,low,valid,valid
DDS-26-00423,Stonehouse Marketing Ltd,"Dublin, Ireland",IE1234567,Killeen Paper Mills,wood,4401,Firelogs 700g,19064.5,158754.439734411,IE,54.57263962071028,-8.499531209475878,2026-02-02,,1,2026-05-22,low,valid,valid
DDS-26-00424,Stonehouse Marketing Ltd,"Dublin, Ireland",IE1234567,Western Hygiene Supplies,soy,2309,Complete dog food (soy),7975.4,89548.05237394825,US,39.96040186928999,-96.45880012191971,2026-04-03,DDS-UP-6437,1,2026-05-29,low,valid,valid
DDS-26-00425,Stonehouse Marketing Ltd,"Dublin, Ireland",IE1234567,Atlantic Mills,wood,4401,Firelogs 700g,17619.5,147310.6541109909,IE,,,2026-10-31,DDS-UP-9631,1,2026-12-25,low,flagged: missing_geo,missing_geo
DDS-24-00426,Stonehouse Marketing Ltd,"Dublin, Ireland",IE1234567,Connolly Pet Foods,cattle,2309,Beef pet food complete,16679.1,135342.0556363849,IE,51.95925574596883,-7.235726384553839,2023-11-10,DDS-UP-6901,1,2024-03-02,low,valid,valid
DDS-26-00427,Stonehouse Marketing Ltd,"Dublin, Ireland",IE1234567,Connolly Pet Foods,wood,4818,Toilet tissue rolls,21735.9,299971.6835524251,BR,-10.474379003570707,-54.370933604994335,2026-07-18,DDS-UP-4054,1,2026-10-27,standard,valid,valid
DDS-25-00428,Stonehouse Marketing Ltd,"Dublin, Ireland",IE1234567,Connolly Pet Foods,soy,2309,Complete dog food (soy),18737.6,183890.0057351966,BR,-11.257823580750745,-54.91175390843464,2025-04-17,DDS-UP-6765,1,2025-07-20,standard,valid,valid
DDS-26-00429,Stonehouse Marketing Ltd,"Dublin, Ireland",IE1234567,Western Hygiene Supplies,wood,4818,Toilet tissue rolls,23631.3,237511.50668284082,IE,52.573038094014166,-8.038488231068804,2026-10-11,,1,2026-12-30,low,valid,valid
DDS-26-00430,Stonehouse Marketing Ltd,"Dublin, Ireland",IE1234567,Atlantic Mills,cattle,2309,Beef pet food complete,17319.8,171020.8420214728,IE,52.946621365563225,-6.3181829196662855,2025-12-09,DDS-UP-3502,1,2026-03-26,low,valid,valid
DDS-26-00431,Stonehouse Marketing Ltd,"Dublin, Ireland",IE1234567,Killeen Paper Mills,wood,4818,Toilet tissue rolls,21633.4,228889.71792953322,IE,52.42027182398302,-8.78427041960439,2025-12-10,DDS-UP-9582,1,2026-01-27,low,valid,valid
DDS-26-00432,Stonehouse Marketing Ltd,"Dublin, Ireland",IE1234567,Atlantic Mills,cattle,2309,Beef pet food complete,3400.5,42821.17056144908,IE,52.27414375061161,-8.996557875931108,2025-10-30,DDS-UP-3384,1,2026-01-20,low,valid,valid
DDS-26-00433,Stonehouse Marketing Ltd,"Dublin, Ireland",IE1234567,Atlantic Mills,soy,1507,Soybean oil blend,7208.0,65653.9164838569,BR,-9.763170810034085,-54.034904452544524,2025-12-28,,1,2026-04-15,standard,flagged: missing_prior,missing_prior
DDS-25-00434,Stonehouse Marketing Ltd,"Dublin, Ireland",IE1234567,Western Hygiene Supplies,wood,4401,Firelogs 700g,9301.9,121639.3595425547,IE,53.637086064314346,-7.410917922135088,2024-12-30,DDS-UP-8808,1,2025-03-30,low,valid,valid
DDS-24-00435,Stonehouse Marketing Ltd,"Dublin, Ireland",IE1234567,Killeen Paper Mills,cattle,2309,Beef pet food complete,6043.7,82805.87145637783,IE,54.356388297396755,-7.725663208800996,2024-10-01,DDS-UP-1245,1,2024-11-28,low,valid,valid
DDS-26-00436,Stonehouse Marketing Ltd,"Dublin, Ireland",IE1234567,Connolly Pet Foods,cattle,2309,Beef pet food complete,21744.7,289759.46725340217,BR,-9.726670230823112,-56.30159102729533,2026-08-20,DDS-UP-6323,1,2026-11-12,standard,valid,valid
DDS-25-00437,Stonehouse Marketing Ltd,"Dublin, Ireland",IE1234567,Millbrook Oils,wood,4818,Toilet tissue rolls,23508.9,311603.3658429315,IE,54.00599533969898,-8.058877493734638,2025-05-26,DDS-UP-9784,1,2025-06-29,low,valid,valid
DDS-26-00438,Stonehouse Marketing Ltd,"Dublin, Ireland",IE1234567,Millbrook Oils,wood,44x1,Firelogs 700g,13677.8,151779.26527620418,IE,54.281030304978046,-9.072752251972707,2026-09-09,,1,2026-12-28,low,flagged: invalid_hs,invalid_hs
DDS-26-00439,Stonehouse Marketing Ltd,"Dublin, Ireland",IE1234567,Longford Fuels,soy,1507,Soybean oil blend,11803.0,158420.5019444311,BR,-10.68133837585062,-53.84680727188541,2026-04-29,DDS-UP-1893,1,2026-07-27,standard,valid,valid
DDS-26-00440,Stonehouse Marketing Ltd,"Dublin, Ireland",IE1234567,Atlantic Mills,soy,2309,Complete dog food (soy),13887.0,126000.52095473993,BR,-9.8320596255215,-56.160485241269214,2026-04-17,DDS-UP-6299,1,2026-07-31,standard,valid,valid
DDS-25-00441,Stonehouse Marketing Ltd,"Dublin, Ireland",IE1234567,Atlantic Mills,soy,2309,Complete dog food (soy),22725.5,198649.62459816184,US,40.14764534208216,-96.2294610161316,2025-05-27,,1,2025-07-10,low,flagged: missing_prior,missing_prior
DDS-26-00442,Stonehouse Marketing Ltd,"Dublin, Ireland",IE1234567,Millbrook Oils,cattle,2309,Beef pet food complete,15495.8,208782.91966043197,IE,,,2026-03-13,DDS-UP-7235,1,2026-06-23,low,flagged: missing_geo,missing_geo
DDS-26-00443,Stonehouse Marketing Ltd,"Dublin, Ireland",IE1234567,Western Hygiene Supplies,soy,2309,Complete dog food (soy),10779.8,97925.60215016043,US,37.986372289109646,-96.06617787825614,2026-06-08,DDS-UP-8311,1,2026-07-24,low,valid,valid
DDS-25-00444,Stonehouse Marketing Ltd,"Dublin, Ireland",IE1234567,Connolly Pet Foods,soy,1507,Soybean oil blend,13815.8,159340.02483947788,BR,-9.703812578623497,-56.46337670552784,2025-09-22,DDS-UP-9084,1,2025-12-21,standard,valid,valid
DDS-26-00445,Stonehouse Marketing Ltd,"Dublin, Ireland",IE1234567,Longford Fuels,wood,4401,Firelogs 700g,15684.3,130656.23593676942,IE,,,2026-07-30,DDS-UP-4401,1,2026-10-12,low,flagged: missing_geo,missing_geo
DDS-25-00446,Stonehouse Marketing Ltd,"Dublin, Ireland",IE1234567,Western Hygiene Supplies,wood,4818,Toilet tissue rolls,1701.3,16513.29972525747,SE,60.60098962883858,16.01404330737782,2025-02-20,DDS-UP-3920,1,2025-06-14,low,valid,valid
DDS-25-00447,Stonehouse Marketing Ltd,"Dublin, Ireland",IE1234567,Millbrook Oils,cattle,2309,Beef pet food complete,9324.6,124811.43690902254,IE,54.16192273860076,-8.66774219796896,2025-10-06,DDS-UP-5903,1,2025-11-13,low,valid,valid
DDS-24-00448,Stonehouse Marketing Ltd,"Dublin, Ireland",IE1234567,Longford Fuels,cattle,2309,Beef pet food complete,8565.6,99980.44534535345,IE,51.99477759956194,-7.7875494673577155,2024-09-23,DDS-UP-4438,1,2024-11-05,low,valid,valid
DDS-26-00449,Stonehouse Marketing Ltd,"Dublin, Ireland",IE1234567,Millbrook Oils,wood,4401,Firelogs 700g,23380.3,272452.2173810603,BR,-10.413160130667926,-56.23699077627816,2026-04-12,,1,2026-06-21,standard,flagged: missing_prior,missing_prior
DDS-26-00450,Stonehouse Marketing Ltd,"Dublin, Ireland",IE1234567,Connolly Pet Foods,wood,4818,Toilet tissue rolls,13232.8,176022.46856505325,IE,53.66973243997663,-6.41868389554963,2026-01-28,DDS-UP-9069,1,2026-03-28,low,valid,valid
DDS-26-00451,Stonehouse Marketing Ltd,"Dublin, Ireland",IE1234567,Western Hygiene Supplies,cattle,2309,Beef pet food complete,18568.0,185731.12776048342,BR,-11.995257248322506,-56.42803960744547,2025-12-26,DDS-UP-7793,1,2026-04-06,standard,valid,valid
DDS-25-00452,Stonehouse Marketing Ltd,"Dublin, Ireland",IE1234567,Western Hygiene Supplies,soy,2309,Complete dog food (soy),8040.4,69814.95865287157,BR,-10.078145067367245,-54.42994881536901,2025-02-13,DDS-UP-6307,1,2025-04-26,standard,valid,valid
DDS-25-00453,Stonehouse Marketing Ltd,"Dublin, Ireland",IE1234567,Longford Fuels,wood,4818,Toilet tissue rolls,20928.7,227013.6658409252,IE,53.64798002898945,-9.112647854565619,2024-12-17,,1,2025-01-20,low,valid,valid
DDS-26-00454,Stonehouse Marketing Ltd,"Dublin, Ireland",IE1234567,Longford Fuels,wood,4401,Firelogs 700g,11830.5,98620.62986939632,IE,53.681601463123066,-6.523825019630246,2025-10-20,,1,2026-01-24,low,valid,valid
DDS-25-00455,Stonehouse Marketing Ltd,"Dublin, Ireland",IE1234567,Atlantic Mills,wood,4818,Toilet tissue rolls,8627.1,72444.15917250443,IE,52.74650852431007,-7.592343572853839,2025-01-13,,1,2025-03-03,low,valid,valid
DDS-26-00456,Stonehouse Marketing Ltd,"Dublin, Ireland",IE1234567,Millbrook Oils,wood,4818,Toilet tissue rolls,15339.4,191884.2552612,IE,54.750856306595516,-7.320467457154248,2026-05-17,DDS-UP-2914,1,2026-09-14,low,valid,valid
DDS-26-00457,Stonehouse Marketing Ltd,"Dublin, Ireland",IE1234567,Longford Fuels,soy,2309,Complete dog food (soy),11571.7,113563.61993757614,AR,-34.68550775020116,-65.2396066450241,2026-08-26,,1,2026-10-09,standard,flagged: missing_prior,missing_prior
DDS-25-00458,Stonehouse Marketing Ltd,"Dublin, Ireland",IE1234567,Connolly Pet Foods,wood,4818,Toilet tissue rolls,22671.4,281003.9864051042,IE,52.40629524096892,-8.922187643264813,2025-09-22,DDS-UP-6572,1,2025-12-28,low,valid,valid
DDS-26-00459,Stonehouse Marketing Ltd,"Dublin, Ireland",IE1234567,Millbrook Oils,wood,4818,Toilet tissue rolls,17079.6,209772.74614272467,IE,54.108444191630156,-8.905245305102948,2026-09-14,DDS-UP-1598,1,2026-12-19,low,valid,valid
DDS-26-00460,Stonehouse Marketing Ltd,"Dublin, Ireland",IE1234567,Longford Fuels,wood,4818,Toilet tissue rolls,11938.5,148912.83051891855,IE,51.9320898909953,-6.655627927311787,2026-09-03,DDS-UP-9529,1,2026-10-05,low,valid,valid
DDS-25-00461,Stonehouse Marketing Ltd,"Dublin, Ireland",IE1234567,Longford Fuels,wood,4401,Firelogs 700g,13540.8,130478.13649032362,IE,54.476406753283264,-8.237358890461426,2024-12-23,,1,2025-02-11,low,valid,valid
DDS-25-00462,Stonehouse Marketing Ltd,"Dublin, Ireland",IE1234567,Longford Fuels,wood,4818,Toilet tissue rolls,13959.5,126021.47812069274,IE,53.66883488803265,-7.657818014121608,2024-12-22,DDS-UP-5641,1,2025-03-01,low,valid,valid
DDS-25-00463,Stonehouse Marketing Ltd,"Dublin, Ireland",IE1234567,Atlantic Mills,wood,4401,Firelogs 700g,1736.2,15754.101637285705,IE,53.1309429150237,-8.80977799380587,2025-08-13,DDS-UP-2410,1,2025-11-27,low,valid,valid
DDS-25-00464,Stonehouse Marketing Ltd,"Dublin, Ireland",IE1234567,Longford Fuels,soy,2309,Complete dog food (soy),20527.3,229924.43108545375,AR,-33.42962530927288,-64.16249120347987,2025-05-14,,1,2025-08-11,standard,flagged: missing_prior,missing_prior
DDS-24-00465,Stonehouse Marketing Ltd,"Dublin, Ireland",IE1234567,Longford Fuels,wood,4401,Firelogs 700g,17269.7,162165.33736929062,IE,54.207051494412624,-7.1042017727730595,2024-07-31,,1,2024-09-27,low,valid,valid
DDS-25-00466,Stonehouse Marketing Ltd,"Dublin, Ireland",IE1234567,Atlantic Mills,wood,4818,Toilet tissue rolls,8593.0,93878.87211784988,SE,59.37415829702157,14.590348036410143,2024-12-23,,1,2025-01-30,low,flagged: missing_prior,missing_prior
DDS-26-00467,Stonehouse Marketing Ltd,"Dublin, Ireland",IE1234567,Millbrook Oils,wood,4401,Firelogs 700g,14579.6,186335.25779504827,IE,53.1837250511147,-8.687595365593046,2026-05-13,DDS-UP-7646,1,2026-07-23,low,valid,valid
DDS-26-00468,Stonehouse Marketing Ltd,"Dublin, Ireland",IE1234567,Killeen Paper Mills,wood,4401,Firelogs 700g,15711.4,157809.77854889538,IE,52.70635437964079,-7.817075441759457,2025-11-11,DDS-UP-8903,1,2026-03-09,low,valid,valid
DDS-26-00469,Stonehouse Marketing Ltd,"Dublin, Ireland",IE1234567,Killeen Paper Mills,wood,4401,Firelogs 700g,4740.6,54879.33290879415,IE,53.106061124068745,-6.838019688229244,2025-11-20,DDS-UP-8972,1,2026-01-30,low,valid,valid
DDS-24-00470,Stonehouse Marketing Ltd,"Dublin, Ireland",IE1234567,Western Hygiene Supplies,wood,4401,Firelogs 700g,17295.0,205290.52051004244,SE,59.1285220066019,16.367650339136876,2024-07-03,DDS-UP-7208,1,2024-08-09,low,valid,valid
DDS-26-00471,Stonehouse Marketing Ltd,"Dublin, Ireland",IE1234567,Western Hygiene Supplies,wood,4818,Toilet tissue rolls,19048.4,196958.47423084071,SE,61.261784609722376,16.20976801414017,2026-01-01,DDS-UP-8421,1,2026-04-14,low,valid,valid
DDS-26-00472,Stonehouse Marketing Ltd,"Dublin, Ireland",IE1234567,Atlantic Mills,wood,4818,Toilet tissue rolls,7961.5,110628.87851853123,IE,54.432276057822946,-8.30079399711766,2026-05-29,,1,2026-08-11,low,valid,valid
DDS-26-00473,Stonehouse Marketing Ltd,"Dublin, Ireland",IE1234567,Longford Fuels,soy,1507,Soybean oil blend,2029.1,16243.067011920028,AR,-33.66552773148369,-63.96872836193001,2026-06-09,,1,2026-09-18,standard,flagged: missing_prior,missing_prior
DDS-25-00474,Stonehouse Marketing Ltd,"Dublin, Ireland",IE1234567,Atlantic Mills,soy,2309,Complete dog food (soy),14959.0,158732.04760453544,BR,-9.41625648106167,-53.902961089510065,2025-02-06,DDS-UP-7271,1,2025-04-04,standard,valid,valid
DDS-26-00475,Stonehouse Marketing Ltd,"Dublin, Ireland",IE1234567,Connolly Pet Foods,cattle,2309,Beef pet food complete,4279.5,37683.84203600827,IE,52.36468051423329,-8.046214826926716,2026-10-02,,1,2026-11-10,low,valid,valid
DDS-26-00476,Stonehouse Marketing Ltd,"Dublin, Ireland",IE1234567,Killeen Paper Mills,wood,4401,Firelogs 700g,2574.3,34396.49610188031,IE,54.454666047246036,-7.226219909562131,2026-08-17,DDS-UP-7813,1,2026-12-14,low,valid,valid
DDS-26-00477,Stonehouse Marketing Ltd,"Dublin, Ireland",IE1234567,Connolly Pet Foods,wood,4401,Firelogs 700g,9925.5,113821.97153683558,IE,52.33939213129269,-7.67175525670965,2025-12-07,DDS-UP-7959,1,2026-02-05,low,valid,valid
DDS-24-00478,Stonehouse Marketing Ltd,"Dublin, Ireland",IE1234567,Western Hygiene Supplies,cattle,2309,Beef pet food complete,14419.7,157018.96050070983,IE,54.579693354953065,-7.470942940556183,2024-01-25,,1,2024-05-22,low,valid,valid
DDS-26-00479,Stonehouse Marketing Ltd,"Dublin, Ireland",IE1234567,Longford Fuels,wood,4818,Toilet tissue rolls,11890.9,140122.09323496438,IE,53.37922416143668,-6.621948023505471,2026-03-18,DDS-UP-2449,1,2026-07-10,low,valid,valid
DDS-25-00480,Stonehouse Marketing Ltd,"Dublin, Ireland",IE1234567,Western Hygiene Supplies,soy,1507,Soybean oil blend,22637.8,250735.78976241764,BR,-10.098937007653776,-54.10570527807709,2025-03-30,DDS-UP-1176,1,2025-06-28,standard,valid,valid
DDS-25-00481,Stonehouse Marketing Ltd,"Dublin, Ireland",IE1234567,Killeen Paper Mills,wood,4401,Firelogs 700g,1365.5,16880.07925351472,IE,52.858743624998205,-6.266718456188816,2025-02-27,,1,2025-06-09,low,valid,valid
DDS-26-00482,Stonehouse Marketing Ltd,"Dublin, Ireland",IE1234567,Longford Fuels,wood,4818,Toilet tissue rolls,20317.9,178003.6592688479,IE,53.53442326118974,-7.481420013644847,2026-03-22,DDS-UP-5699,1,2026-04-30,low,valid,valid
DDS-26-00483,Stonehouse Marketing Ltd,"Dublin, Ireland",IE1234567,Western Hygiene Supplies,soy,2309,Complete dog food (soy),18665.0,190730.18728792723,BR,-11.602383711580982,-55.657084205555535,2026-08-04,DDS-UP-3476,1,2026-09-25,standard,valid,valid
DDS-26-00484,Stonehouse Marketing Ltd,"Dublin, Ireland",IE1234567,Longford Fuels,wood,4818,Toilet tissue rolls,24609.8,318213.1454809043,IE,53.25475554125329,-6.801883980764698,2026-06-27,,1,2026-09-28,low,valid,valid
DDS-26-00485,Stonehouse Marketing Ltd,"Dublin, Ireland",IE1234567,Killeen Paper Mills,cattle,2309,Beef pet food complete,5666.0,67162.30826431802,IE,52.9495009788412,-7.21799813419167,2026-05-09,,1,2026-06-22,low,valid,valid
DDS-26-00486,Stonehouse Marketing Ltd,"Dublin, Ireland",IE1234567,Millbrook Oils,wood,4818,Toilet tissue rolls,6224.7,55218.68491649522,IE,53.228695827008046,-7.771201277982804,2026-09-02,DDS-UP-7390,1,2026-11-26,low,valid,valid
DDS-26-00487,Stonehouse Marketing Ltd,"Dublin, Ireland",IE1234567,Atlantic Mills,wood,4818,Toilet tissue rolls,23918.8,328574.9937709565,SE,59.94646187086413,15.535480215751125,2026-09-11,DDS-UP-9704,1,2026-12-05,low,valid,valid
DDS-26-00488,Stonehouse Marketing Ltd,"Dublin, Ireland",IE1234567,Longford Fuels,wood,4401,Firelogs 700g,16531.4,190645.82047581967,IE,52.61777178499774,-8.389021648457174,2026-06-24,DDS-UP-4961,1,2026-08-17,low,valid,valid
DDS-24-00489,Stonehouse Marketing Ltd,"Dublin, Ireland",IE1234567,Western Hygiene Supplies,wood,4401,Firelogs 700g,20876.4,252875.77711361952,IE,54.779644540993495,-8.260190516391116,2023-12-29,DDS-UP-2600,1,2024-03-12,low,valid,valid
DDS-24-00490,Stonehouse Marketing Ltd,"Dublin, Ireland",IE1234567,Millbrook Oils,wood,4818,Toilet tissue rolls,16586.8,196196.91919737944,IE,52.37923859433923,-9.128898581428889,2024-05-21,,1,2024-09-18,low,valid,valid
DDS-26-00491,Stonehouse Marketing Ltd,"Dublin, Ireland",IE1234567,Atlantic Mills,soy,1507,Soybean oil blend,14368.7,174923.43019548446,BR,-10.185942646937654,-55.37212467961621,2026-05-19,,1,2026-07-20,standard,flagged: missing_prior,missing_prior
DDS-26-00492,Stonehouse Marketing Ltd,"Dublin, Ireland",IE1234567,Connolly Pet Foods,wood,4818,Toilet tissue rolls,17459.4,221461.80020664385,IE,52.027142527076165,-7.839668704807117,2026-10-23,DDS-UP-6298,1,2026-12-27,low,valid,valid
DDS-26-00493,Stonehouse Marketing Ltd,"Dublin, Ireland",IE1234567,Longford Fuels,cattle,2309,Beef pet food complete,4859.3,44077.024221974454,IE,52.79796421071794,-9.019824056515725,2026-08-31,DDS-UP-4287,1,2026-12-01,low,valid,valid
DDS-24-00494,Stonehouse Marketing Ltd,"Dublin, Ireland",IE1234567,Connolly Pet Foods,wood,4818,Toilet tissue rolls,18027.3,171323.85351045226,IE,53.09376072924702,-7.358101127073061,2024-07-17,DDS-UP-2194,1,2024-10-12,low,valid,valid
DDS-24-00495,Stonehouse Marketing Ltd,"Dublin, Ireland",IE1234567,Connolly Pet Foods,wood,4818,Toilet tissue rolls,7027.7,80451.99578223209,IE,53.75859599799667,-9.197397074113182,2024-02-28,,1,2024-06-02,low,valid,valid
DDS-26-00496,Stonehouse Marketing Ltd,"Dublin, Ireland",IE1234567,Western Hygiene Supplies,cattle,2309,Beef pet food complete,13733.2,153974.2276591564,IE,53.234418278248405,-7.988261744885539,2026-04-09,DDS-UP-8898,1,2026-06-23,low,valid,valid
DDS-26-00497,Stonehouse Marketing Ltd,"Dublin, Ireland",IE1234567,Longford Fuels,wood,48x8,Toilet tissue rolls,13598.3,170831.6147785011,IE,51.965584019547826,-6.208952611115041,2026-02-15,,1,2026-04-23,low,flagged: invalid_hs,invalid_hs
DDS-25-00498,Stonehouse Marketing Ltd,"Dublin, Ireland",IE1234567,Atlantic Mills,wood,4401,Firelogs 700g,10057.6,133879.5792918486,IE,51.91799354778632,-8.047508974505945,2024-11-15,DDS-UP-6886,1,2025-02-09,low,valid,valid
DDS-26-00499,Stonehouse Marketing Ltd,"Dublin, Ireland",IE1234567,Connolly Pet Foods,cattle,2309,Beef pet food complete,10024.8,110253.80209264049,IE,52.37927815672825,-7.040782895765076,2025-12-14,,1,2026-03-11,low,valid,valid
DDS-26-00500,Stonehouse Marketing Ltd,"Dublin, Ireland",IE1234567,Connolly Pet Foods,soy,1507,Soybean oil blend,3395.6,36503.45446339408,BR,-10.982144682346558,-55.486844186757985,2026-02-22,,1,2026-06-18,standard,flagged: missing_prior,missing_prior
DDS-24-00501,Stonehouse Marketing Ltd,"Dublin, Ireland",IE1234567,Atlantic Mills,soy,2309,Complete dog food (soy),3969.0,46477.91278578878,AR,-33.27684550182494,-64.8010430203792,2024-06-13,DDS-UP-8720,1,2024-08-13,standard,valid,valid
DDS-25-00502,Stonehouse Marketing Ltd,"Dublin, Ireland",IE1234567,Western Hygiene Supplies,cattle,2309,Beef pet food complete,11676.5,100861.45755889501,IE,52.3167470268755,-9.050126007840134,2025-03-22,DDS-UP-2047,1,2025-06-23,low,valid,valid
DDS-25-00503,Stonehouse Marketing Ltd,"Dublin, Ireland",IE1234567,Atlantic Mills,wood,4401,Firelogs 700g,17120.7,222886.90391372633,IE,51.989330335060956,-8.59207657964055,2025-05-28,DDS-UP-9943,1,2025-07-24,low,valid,valid
DDS-24-00504,Stonehouse Marketing Ltd,"Dublin, Ireland",IE1234567,Connolly Pet Foods,cattle,2309,Beef pet food complete,4617.2,62581.774359247596,IE,52.80651118300606,-8.837763531344532,2024-10-30,DDS-UP-3703,1,2024-12-04,low,valid,valid
DDS-24-00505,Stonehouse Marketing Ltd,"Dublin, Ireland",IE1234567,Connolly Pet Foods,wood,4818,Toilet tissue rolls,2477.7,28648.116706073713,IE,53.69658383903894,-8.071606831751875,2024-10-22,DDS-UP-2460,1,2024-12-27,low,valid,valid
DDS-25-00506,Stonehouse Marketing Ltd,"Dublin, Ireland",IE1234567,Atlantic Mills,wood,4818,Toilet tissue rolls,7138.3,83255.61994544596,SE,60.91768812558083,15.577074992512742,2025-01-25,DDS-UP-4919,1,2025-02-28,low,valid,valid
DDS-26-00507,Stonehouse Marketing Ltd,"Dublin, Ireland",IE1234567,Longford Fuels,wood,4401,Firelogs 700g,9022.4,125588.38985081617,IE,53.63614945300589,-8.935936419058033,2026-07-23,DDS-UP-4860,1,2026-09-03,low,valid,valid
DDS-25-00508,Stonehouse Marketing Ltd,"Dublin, Ireland",IE1234567,Atlantic Mills,wood,4401,Firelogs 700g,16653.5,148137.95352217733,SE,61.560346368098024,15.022622269822868,2025-08-23,DDS-UP-4173,1,2025-11-21,low,valid,valid
DDS-25-00509,Stonehouse Marketing Ltd,"Dublin, Ireland",IE1234567,Killeen Paper Mills,wood,4401,Firelogs 700g,11149.5,92705.18780166245,IE,54.56801911837866,-9.037917157004904,2025-05-14,DDS-UP-8424,1,2025-08-20,low,valid,valid
DDS-26-00510,Stonehouse Marketing Ltd,"Dublin, Ireland",IE1234567,Atlantic Mills,wood,4818,Toilet tissue rolls,11398.1,137473.7980188344,IE,53.25518418807321,-8.851804743613464,2026-08-11,DDS-UP-7865,1,2026-10-21,low,valid,valid
DDS-25-00511,Stonehouse Marketing Ltd,"Dublin, Ireland",IE1234567,Killeen Paper Mills,wood,4818,Toilet tissue rolls,9700.5,80766.71353171111,IE,52.48334619175041,-8.488644915720496,2025-07-12,DDS-UP-8716,1,2025-10-05,low,valid,valid
DDS-24-00512,Stonehouse Marketing Ltd,"Dublin, Ireland",IE1234567,Atlantic Mills,wood,4818,Toilet tissue rolls,5256.8,46066.76082785941,SE,59.96497261773186,14.66199091166597,2024-08-01,DDS-UP-5418,1,2024-11-27,low,valid,valid
DDS-25-00513,Stonehouse Marketing Ltd,"Dublin, Ireland",IE1234567,Longford Fuels,wood,4401,Firelogs 700g,5886.4,69624.31143549952,IE,52.13332781162079,-7.803397113265569,2025-06-25,DDS-UP-3568,1,2025-10-11,low,valid,valid
DDS-25-00514,Stonehouse Marketing Ltd,"Dublin, Ireland",IE1234567,Millbrook Oils,soy,2309,Complete dog food (soy),12485.7,162587.96330949155,AR,-33.84173308636984,-64.81089311644865,2025-07-31,,1,2025-10-04,standard,flagged: missing_prior,missing_prior
DDS-25-00515,Stonehouse Marketing Ltd,"Dublin, Ireland",IE1234567,Killeen Paper Mills,wood,4818,Toilet tissue rolls,22349.7,299251.54876460653,IE,54.41779541328521,-8.456505668298245,2025-08-03,DDS-UP-3440,1,2025-10-25,low,valid,valid
DDS-24-00516,Stonehouse Marketing Ltd,"Dublin, Ireland",IE1234567,Millbrook Oils,soy,1507,Soybean oil blend,10160.8,87260.90184737889,BR,-10.588042108711385,-54.194180827493604,2024-02-20,,1,2024-05-23,standard,flagged: missing_prior,missing_prior
DDS-26-00517,Stonehouse Marketing Ltd,"Dublin, Ireland",IE1234567,Killeen Paper Mills,wood,4818,Toilet tissue rolls,9280.9,91222.14812950832,IE,51.83726897447913,-7.004641148300065,2026-07-30,DDS-UP-2486,1,2026-11-27,low,valid,valid
DDS-25-00518,Stonehouse Marketing Ltd,"Dublin, Ireland",IE1234567,Killeen Paper Mills,wood,4401,Firelogs 700g,21917.9,267911.5301627345,IE,53.55098033303946,-6.270737664665861,2025-10-22,DDS-UP-7068,1,2025-11-21,low,valid,valid
DDS-24-00519,Stonehouse Marketing Ltd,"Dublin, Ireland",IE1234567,Connolly Pet Foods,soy,2309,Complete dog food (soy),18945.8,175113.7286535316,BR,-9.319696679173024,-55.501281584853224,2024-01-24,DDS-UP-9887,1,2024-05-20,standard,valid,valid
DDS-26-00520,Stonehouse Marketing Ltd,"Dublin, Ireland",IE1234567,Atlantic Mills,wood,4818,Toilet tissue rolls,9417.8,110327.65005480406,SE,60.80728235540338,13.664435025633942,2026-09-09,DDS-UP-7274,1,2026-11-24,low,valid,valid
DDS-26-00521,Stonehouse Marketing Ltd,"Dublin, Ireland",IE1234567,Killeen Paper Mills,wood,4818,Toilet tissue rolls,24540.7,304900.53770363395,IE,53.91462097764773,-7.517725374340927,2026-04-14,DDS-UP-2860,1,2026-07-27,low,valid,valid
DDS-25-00522,Stonehouse Marketing Ltd,"Dublin, Ireland",IE1234567,Longford Fuels,soy,23x9,Complete dog food (soy),12837.4,137545.85882407823,AR,-33.24047950480096,-63.217342289713685,2025-04-04,DDS-UP-1892,1,2025-07-07,standard,flagged: invalid_hs,invalid_hs
DDS-26-00523,Stonehouse Marketing Ltd,"Dublin, Ireland",IE1234567,Longford Fuels,wood,4401,Firelogs 700g,11573.5,153972.3844342622,IE,53.929475866226205,-7.16507512423294,2025-12-10,DDS-UP-2075,1,2026-01-20,low,valid,valid
DDS-24-00524,Stonehouse Marketing Ltd,"Dublin, Ireland",IE1234567,Longford Fuels,wood,4818,Toilet tissue rolls,3244.6,36093.33868793543,SE,59.46511806305326,16.369880789748144,2024-06-29,DDS-UP-3465,1,2024-10-17,low,valid,valid
DDS-25-00525,Stonehouse Marketing Ltd,"Dublin, Ireland",IE1234567,Connolly Pet Foods,wood,4818,Toilet tissue rolls,11374.6,92500.74632673431,IE,53.8472101243161,-6.404835583298787,2025-10-02,DDS-UP-5776,1,2025-11-30,low,valid,valid
DDS-26-00526,Stonehouse Marketing Ltd,"Dublin, Ireland",IE1234567,Longford Fuels,soy,2309,Complete dog food (soy),12410.6,132440.18729492766,AR,-34.49236789170597,-63.76388618328886,2026-02-21,DDS-UP-9686,1,2026-04-30,standard,valid,valid
DDS-25-00527,Stonehouse Marketing Ltd,"Dublin, Ireland",IE1234567,Longford Fuels,wood,44x1,Firelogs 700g,24282.7,235694.9816677985,SE,59.51948501404532,15.867803117484021,2025-02-02,,1,2025-03-25,low,flagged: invalid_hs,invalid_hs
DDS-25-00528,Stonehouse Marketing Ltd,"Dublin, Ireland",IE1234567,Atlantic Mills,wood,4401,Firelogs 700g,17475.1,152059.65270455592,IE,53.405950056431735,-8.653158468606932,2024-11-11,DDS-UP-3514,1,2025-01-20,low,valid,valid
DDS-26-00529,Stonehouse Marketing Ltd,"Dublin, Ireland",IE1234567,Atlantic Mills,wood,4401,Firelogs 700g,8265.1,114494.728295564,IE,52.90901643003143,-8.584533914272027,2026-03-02,DDS-UP-7109,1,2026-06-08,low,valid,valid
DDS-24-00530,Stonehouse Marketing Ltd,"Dublin, Ireland",IE1234567,Connolly Pet Foods,wood,4818,Toilet tissue rolls,23231.4,232027.87920807226,SE,59.81368699366754,14.998250747513431,2024-08-12,DDS-UP-9948,1,2024-12-10,low,valid,valid
DDS-26-00531,Stonehouse Marketing Ltd,"Dublin, Ireland",IE1234567,Atlantic Mills,wood,4818,Toilet tissue rolls,4103.5,35593.32295272291,SE,61.50881667161009,15.76248496727697,2026-09-27,DDS-UP-8243,1,2026-12-27,low,valid,valid
DDS-25-00532,Stonehouse Marketing Ltd,"Dublin, Ireland",IE1234567,Killeen Paper Mills,soy,2309,Complete dog food (soy),11426.3,104789.43728468548,BR,-10.347120029102054,-55.57575339768539,2025-06-20,DDS-UP-1901,1,2025-09-25,standard,valid,valid
DDS-26-00533,Stonehouse Marketing Ltd,"Dublin, Ireland",IE1234567,Connolly Pet Foods,wood,4818,Toilet tissue rolls,17088.1,177144.50083869466,SE,59.43378150751551,13.567645939072733,2025-10-25,,1,2026-01-25,low,flagged: missing_prior,missing_prior
DDS-25-00534,Stonehouse Marketing Ltd,"Dublin, Ireland",IE1234567,Killeen Paper Mills,wood,4818,Toilet tissue rolls,18041.1,175141.23426473018,IE,54.63020649230586,-6.4746591493465075,2025-06-04,DDS-UP-7326,1,2025-08-17,low,valid,valid
DDS-26-00535,Stonehouse Marketing Ltd,"Dublin, Ireland",IE1234567,Atlantic Mills,wood,4818,Toilet tissue rolls,24818.6,318522.8235061924,IE,53.48309903340634,-8.552914533141553,2026-07-24,,1,2026-10-16,low,valid,valid
DDS-24-00536,Stonehouse Marketing Ltd,"Dublin, Ireland",IE1234567,Longford Fuels,cattle,2309,Beef pet food complete,12128.0,101835.11316394566,IE,54.30653459699109,-7.406192878944919,2024-08-24,,1,2024-12-07,low,valid,valid
DDS-25-00537,Stonehouse Marketing Ltd,"Dublin, Ireland",IE1234567,Millbrook Oils,cattle,2309,Beef pet food complete,11821.9,153610.24968510153,IE,53.02838191625787,-6.4567685110868025,2025-08-01,DDS-UP-3243,1,2025-10-07,low,valid,valid
DDS-25-00538,Stonehouse Marketing Ltd,"Dublin, Ireland",IE1234567,Millbrook Oils,wood,4401,Firelogs 700g,18626.5,182558.63286797385,IE,54.27874491591736,-6.696244395109827,2025-02-28,DDS-UP-1040,1,2025-06-19,low,valid,valid
DDS-25-00539,Stonehouse Marketing Ltd,"Dublin, Ireland",IE1234567,Connolly Pet Foods,soy,2309,Complete dog food (soy),22716.4,219515.43821403055,BR,-10.038561083393244,-53.82194042307834,2025-09-02,DDS-UP-1466,1,2025-10-10,standard,valid,valid
DDS-25-00540,Stonehouse Marketing Ltd,"Dublin, Ireland",IE1234567,Atlantic Mills,wood,4401,Firelogs 700g,12163.0,150793.7556907206,IE,53.24145771635118,-7.8917944654447005,2025-03-29,DDS-UP-2959,1,2025-04-30,low,valid,valid
DDS-26-00541,Stonehouse Marketing Ltd,"Dublin, Ireland",IE1234567,Killeen Paper Mills,soy,2309,Complete dog food (soy),9255.9,124701.29497993879,BR,-11.824468818020737,-55.54095666570118,2026-07-26,DDS-UP-6917,1,2026-10-09,standard,valid,valid
DDS-25-00542,Stonehouse Marketing Ltd,"Dublin, Ireland",IE1234567,Atlantic Mills,wood,4818,Toilet tissue rolls,4989.6,66035.65358216302,IE,53.71683957583421,-8.969519958335166,2024-10-19,DDS-UP-3738,1,2025-02-13,low,valid,valid
DDS-26-00543,Stonehouse Marketing Ltd,"Dublin, Ireland",IE1234567,Longford Fuels,cattle,2309,Beef pet food complete,20671.2,261962.95633529325,IE,53.89390253622114,-8.112431968096642,2025-10-31,DDS-UP-9489,1,2026-01-21,low,valid,valid
DDS-25-00544,Stonehouse Marketing Ltd,"Dublin, Ireland",IE1234567,Killeen Paper Mills,wood,4818,Toilet tissue rolls,19980.1,245261.37717756428,SE,58.90725357423446,13.963664744124925,2024-11-19,DDS-UP-9612,1,2025-03-18,low,valid,valid
DDS-26-00545,Stonehouse Marketing Ltd,"Dublin, Ireland",IE1234567,Western Hygiene Supplies,cattle,2309,Beef pet food complete,12248.2,130463.26328718125,IE,53.18147407582472,-8.970799023287766,2026-05-15,DDS-UP-6940,1,2026-08-29,low,valid,valid
DDS-26-00546,Stonehouse Marketing Ltd,"Dublin, Ireland",IE1234567,Western Hygiene Supplies,wood,4401,Firelogs 700g,5947.8,55668.116392436124,BR,-11.483378521131838,-55.58594722236485,2026-05-21,,1,2026-07-06,standard,flagged: missing_prior,missing_prior
DDS-24-00547,Stonehouse Marketing Ltd,"Dublin, Ireland",IE1234567,Western Hygiene Supplies,wood,4818,Toilet tissue rolls,19480.0,159672.812608274,BR,,,2024-06-28,,1,2024-10-20,standard,flagged: missing_geo,missing_geo
DDS-24-00548,Stonehouse Marketing Ltd,"Dublin, Ireland",IE1234567,Atlantic Mills,wood,4401,Firelogs 700g,751.7,6940.000431589836,IE,52.15676665399661,-8.440962586329546,2024-06-08,DDS-UP-3028,1,2024-08-02,low,valid,valid
DDS-26-00549,Stonehouse Marketing Ltd,"Dublin, Ireland",IE1234567,Millbrook Oils,wood,4818,Toilet tissue rolls,9022.0,105356.55740593624,IE,52.07233793911838,-6.662415432642446,2026-08-20,DDS-UP-9202,1,2026-11-22,low,valid,valid
DDS-25-00550,Stonehouse Marketing Ltd,"Dublin, Ireland",IE1234567,Killeen Paper Mills,wood,4401,Firelogs 700g,24124.5,207280.46169692144,IE,53.534401034487274,-9.158047065239279,2025-01-15,DDS-UP-9800,1,2025-03-13,low,valid,valid
DDS-25-00551,Stonehouse Marketing Ltd,"Dublin, Ireland",IE1234567,Atlantic Mills,soy,2309,Complete dog food (soy),23964.8,252698.05781984777,US,38.924146511401155,-94.40560127967491,2024-10-30,DDS-UP-6813,1,2025-02-02,low,valid,valid
DDS-24-00552,Stonehouse Marketing Ltd,"Dublin, Ireland",IE1234567,Killeen Paper Mills,wood,4818,Toilet tissue rolls,12647.5,104261.58081402171,IE,54.75383825110525,-8.829153792577198,2024-08-08,DDS-UP-5723,1,2024-10-18,low,valid,valid
DDS-26-00553,Stonehouse Marketing Ltd,"Dublin, Ireland",IE1234567,Connolly Pet Foods,wood,4401,Firelogs 700g,6033.9,50791.28815297454,IE,53.17083729953444,-6.991476734459246,2026-02-23,DDS-UP-8011,1,2026-05-24,low,valid,valid
DDS-26-00554,Stonehouse Marketing Ltd,"Dublin, Ireland",IE1234567,Connolly Pet Foods,soy,2309,Complete dog food (soy),11232.4,116467.2815858888,BR,-11.961642466514036,-54.47752326373052,2026-01-14,DDS-UP-2392,1,2026-05-12,standard,valid,valid
DDS-24-00555,Stonehouse Marketing Ltd,"Dublin, Ireland",IE1234567,Killeen Paper Mills,wood,4401,Firelogs 700g,8796.5,114606.56184307086,IE,54.57587094662549,-6.2664400122600075,2024-04-28,DDS-UP-7623,1,2024-07-30,low,valid,valid
DDS-26-00556,Stonehouse Marketing Ltd,"Dublin, Ireland",IE1234567,Atlantic Mills,wood,4818,Toilet tissue rolls,23609.0,261315.91171769775,IE,53.545755871988455,-8.381081628286028,2026-06-21,DDS-UP-7626,1,2026-08-08,low,valid,valid
DDS-26-00557,Stonehouse Marketing Ltd,"Dublin, Ireland",IE1234567,Killeen Paper Mills,cattle,2309,Beef pet food complete,1228.2,13496.455768912354,IE,52.55206958106178,-7.7081786536241665,2026-03-06,,1,2026-04-08,low,valid,valid
DDS-26-00558,Stonehouse Marketing Ltd,"Dublin, Ireland",IE1234567,Western Hygiene Supplies,soy,1507,Soybean oil blend,19124.2,243955.7247865302,BR,-9.962386913740131,-56.04179004648136,2026-02-07,DDS-UP-9518,1,2026-04-03,standard,valid,valid
DDS-26-00559,Stonehouse Marketing Ltd,"Dublin, Ireland",IE1234567,Millbrook Oils,wood,48x8,Toilet tissue rolls,13892.2,184498.8910792791,IE,53.31438426811245,-7.572685655721672,2026-07-08,,1,2026-08-22,low,flagged: invalid_hs,invalid_hs
DDS-24-00560,Stonehouse Marketing Ltd,"Dublin, Ireland",IE1234567,Millbrook Oils,wood,4818,Toilet tissue rolls,16655.6,149648.32522035332,IE,52.92900968885174,-7.8210312835280345,2024-02-26,,1,2024-05-21,low,valid,valid
DDS-26-00561,Stonehouse Marketing Ltd,"Dublin, Ireland",IE1234567,Atlantic Mills,wood,4818,Toilet tissue rolls,14067.7,184654.16100903612,IE,53.262364780098444,-8.871854021351297,2026-02-09,DDS-UP-8697,1,2026-05-14,low,valid,valid
DDS-26-00562,Stonehouse Marketing Ltd,"Dublin, Ireland",IE1234567,Longford Fuels,wood,4818,Toilet tissue rolls,8351.8,85175.50294436286,IE,53.57313535595396,-8.066606884816148,2026-02-01,DDS-UP-1739,1,2026-05-16,low,valid,valid
DDS-25-00563,Stonehouse Marketing Ltd,"Dublin, Ireland",IE1234567,Longford Fuels,wood,4818,Toilet tissue rolls,10592.3,125926.52623627715,SE,59.6237695734331,13.79205014768574,2025-04-18,DDS-UP-5001,1,2025-08-01,low,valid,valid
DDS-25-00564,Stonehouse Marketing Ltd,"Dublin, Ireland",IE1234567,Millbrook Oils,wood,4818,Toilet tissue rolls,8489.9,113836.47666918694,IE,54.40681988235367,-8.85658611049665,2024-11-09,DDS-UP-7921,1,2025-01-12,low,valid,valid
DDS-26-00565,Stonehouse Marketing Ltd,"Dublin, Ireland",IE1234567,Longford Fuels,wood,4818,Toilet tissue rolls,14527.2,175062.46085683425,IE,51.86670935420166,-8.25045700719049,2025-12-09,,1,2026-02-20,low,valid,valid
DDS-25-00566,Stonehouse Marketing Ltd,"Dublin, Ireland",IE1234567,Connolly Pet Foods,wood,4401,Firelogs 700g,5443.1,61044.38903861461,SE,60.60216266526743,13.999881653819111,2025-04-10,DDS-UP-2234,1,2025-06-15,low,valid,valid
DDS-26-00567,Stonehouse Marketing Ltd,"Dublin, Ireland",IE1234567,Western Hygiene Supplies,wood,4818,Toilet tissue rolls,18083.8,206129.4559835828,IE,53.52056207959415,-6.7861909413512205,2025-12-29,DDS-UP-6518,1,2026-04-05,low,valid,valid
DDS-25-00568,Stonehouse Marketing Ltd,"Dublin, Ireland",IE1234567,Longford Fuels,wood,4401,Firelogs 700g,11106.3,105594.13301409496,IE,54.18695524804282,-7.2453895593343915,2025-03-14,DDS-UP-4278,1,2025-06-17,low,valid,valid
DDS-26-00569,Stonehouse Marketing Ltd,"Dublin, Ireland",IE1234567,Killeen Paper Mills,wood,4401,Firelogs 700g,14632.7,173069.11019769858,IE,52.341802552660475,-9.144190033647927,2026-02-17,DDS-UP-8656,1,2026-06-05,low,valid,valid
DDS-24-00570,Stonehouse Marketing Ltd,"Dublin, Ireland",IE1234567,Killeen Paper Mills,soy,2309,Complete dog food (soy),9424.7,118686.94817392863,US,40.30390780194364,-94.32015479445252,2024-04-27,DDS-UP-3465,1,2024-07-21,low,valid,valid
DDS-26-00571,Stonehouse Marketing Ltd,"Dublin, Ireland",IE1234567,Longford Fuels,wood,4818,Toilet tissue rolls,20680.9,194747.46450939955,SE,61.33341339225532,15.401782465060608,2026-07-19,DDS-UP-5201,1,2026-09-17,low,valid,valid
DDS-25-00572,Stonehouse Marketing Ltd,"Dublin, Ireland",IE1234567,Millbrook Oils,wood,4818,Toilet tissue rolls,24786.7,238851.37775083474,IE,52.53675982945512,-6.718313527616697,2025-10-19,DDS-UP-1606,1,2025-11-21,low,valid,valid
DDS-26-00573,Stonehouse Marketing Ltd,"Dublin, Ireland",IE1234567,Atlantic Mills,wood,4818,Toilet tissue rolls,12403.1,121399.99303673438,SE,60.57601213792055,14.027955665684352,2026-08-15,DDS-UP-2375,1,2026-09-22,low,valid,valid
DDS-24-00574,Stonehouse Marketing Ltd,"Dublin, Ireland",IE1234567,Atlantic Mills,soy,2309,Complete dog food (soy),21147.4,235407.47168292996,BR,-10.909697264321029,-54.52770819025369,2024-06-03,DDS-UP-9196,1,2024-09-15,standard,valid,valid
DDS-25-00575,Stonehouse Marketing Ltd,"Dublin, Ireland",IE1234567,Western Hygiene Supplies,soy,2309,Complete dog food (soy),19443.2,242335.2587574329,US,38.25542417533214,-93.84630541301708,2025-01-13,DDS-UP-7388,1,2025-04-07,low,valid,valid
DDS-25-00576,Stonehouse Marketing Ltd,"Dublin, Ireland",IE1234567,Millbrook Oils,wood,4818,Toilet tissue rolls,1870.2,19716.93490915919,IE,52.442325914723945,-8.376357997071548,2025-06-06,DDS-UP-2850,1,2025-10-01,low,valid,valid
DDS-25-00577,Stonehouse Marketing Ltd,"Dublin, Ireland",IE1234567,Longford Fuels,wood,4818,Toilet tissue rolls,20623.5,246932.19000108386,IE,54.15281975426463,-8.76526540898536,2025-10-26,DDS-UP-1570,1,2025-12-01,low,valid,valid
DDS-25-00578,Stonehouse Marketing Ltd,"Dublin, Ireland",IE1234567,Atlantic Mills,cattle,2309,Beef pet food complete,9389.9,123962.80819358985,IE,52.519027487627774,-7.54181629006512,2025-03-31,,1,2025-06-25,low,valid,valid
DDS-25-00579,Stonehouse Marketing Ltd,"Dublin, Ireland",IE1234567,Western Hygiene Supplies,wood,4818,Toilet tissue rolls,23439.9,308387.0542887208,SE,59.77892670469375,16.433978563202768,2025-03-08,,1,2025-04-27,low,flagged: missing_prior,missing_prior
DDS-25-00580,Stonehouse Marketing Ltd,"Dublin, Ireland",IE1234567,Western Hygiene Supplies,soy,2309,Complete dog food (soy),7213.9,75585.56993495038,AR,-32.861598257446715,-63.19977729817265,2025-07-19,DDS-UP-9055,1,2025-09-29,standard,valid,valid
DDS-26-00581,Stonehouse Marketing Ltd,"Dublin, Ireland",IE1234567,Millbrook Oils,cattle,2309,Beef pet food complete,2126.0,22789.80692300275,IE,54.2607239313512,-6.726797402791456,2026-04-29,DDS-UP-9973,1,2026-06-01,low,valid,valid
DDS-26-00582,Stonehouse Marketing Ltd,"Dublin, Ireland",IE1234567,Western Hygiene Supplies,cattle,2309,Beef pet food complete,10316.2,89389.55524051464,IE,52.351218866485866,-7.869785087011323,2026-02-16,DDS-UP-6140,1,2026-04-18,low,valid,valid
DDS-26-00583,Stonehouse Marketing Ltd,"Dublin, Ireland",IE1234567,Atlantic Mills,wood,4401,Firelogs 700g,10552.7,139728.67070042272,BR,-9.508135855588751,-54.21051189012618,2026-08-02,,1,2026-09-18,standard,flagged: missing_prior,missing_prior
DDS-25-00584,Stonehouse Marketing Ltd,"Dublin, Ireland",IE1234567,Connolly Pet Foods,wood,4818,Toilet tissue rolls,9506.2,126489.95903648944,IE,54.2803058280255,-6.801413996179462,2024-12-23,DDS-UP-7182,1,2025-02-19,low,valid,valid
DDS-25-00585,Stonehouse Marketing Ltd,"Dublin, Ireland",IE1234567,Western Hygiene Supplies,wood,4818,Toilet tissue rolls,24366.1,257633.01414745132,IE,53.475589955905974,-7.363990520835801,2025-01-23,DDS-UP-3764,1,2025-03-27,low,valid,valid
DDS-24-00586,Stonehouse Marketing Ltd,"Dublin, Ireland",IE1234567,Millbrook Oils,wood,4818,Toilet tissue rolls,11161.4,134401.7867860315,BR,-11.489631348537426,-54.7982713032361,2024-02-09,,1,2024-03-25,standard,flagged: missing_prior,missing_prior
DDS-25-00587,Stonehouse Marketing Ltd,"Dublin, Ireland",IE1234567,Atlantic Mills,wood,4818,Toilet tissue rolls,12607.1,176136.87905534974,IE,54.63815698017038,-6.759762721163289,2025-03-04,DDS-UP-4385,1,2025-05-09,low,valid,valid
DDS-24-00588,Stonehouse Marketing Ltd,"Dublin, Ireland",IE1234567,Longford Fuels,cattle,2309,Beef pet food complete,6269.4,75894.86441917323,IE,52.341109615754874,-6.822609395997014,2024-02-12,DDS-UP-5068,1,2024-05-10,low,valid,valid
DDS-25-00589,Stonehouse Marketing Ltd,"Dublin, Ireland",IE1234567,Killeen Paper Mills,wood,4818,Toilet tissue rolls,17976.7,171450.1438066661,IE,54.414330425633025,-6.2768024692008595,2025-08-10,,1,2025-09-21,low,valid,valid
DDS-25-00590,Stonehouse Marketing Ltd,"Dublin, Ireland",IE1234567,Millbrook Oils,wood,4401,Firelogs 700g,23513.4,293669.4581370322,IE,54.59319382238778,-7.787202729845944,2025-07-06,,1,2025-08-10,low,valid,valid
DDS-26-00591,Stonehouse Marketing Ltd,"Dublin, Ireland",IE1234567,Killeen Paper Mills,wood,4818,Toilet tissue rolls,24217.4,266935.8151689574,IE,52.942813026216044,-6.267428378879351,2026-02-28,DDS-UP-3938,1,2026-05-12,low,valid,valid
DDS-24-00592,Stonehouse Marketing Ltd,"Dublin, Ireland",IE1234567,Western Hygiene Supplies,soy,2309,Complete dog food (soy),8175.1,113145.25558803558,BR,-11.048047839620958,-54.90872859732219,2024-10-01,,1,2024-12-05,standard,flagged: missing_prior,missing_prior
DDS-26-00593,Stonehouse Marketing Ltd,"Dublin, Ireland",IE1234567,Longford Fuels,cattle,2309,Beef pet food complete,13165.8,183891.868466584,BR,-11.151223475423619,-53.86919084348046,2026-02-06,DDS-UP-3703,1,2026-03-27,standard,valid,valid
DDS-25-00594,Stonehouse Marketing Ltd,"Dublin, Ireland",IE1234567,Western Hygiene Supplies,wood,4401,Firelogs 700g,6131.6,66238.43032428087,SE,60.50995657738046,14.819968791005511,2024-12-24,DDS-UP-5263,1,2025-02-06,low,valid,valid
DDS-26-00595,Stonehouse Marketing Ltd,"Dublin, Ireland",IE1234567,Connolly Pet Foods,soy,1507,Soybean oil blend,11715.1,100298.44520575526,US,37.622375125620955,-95.43043965126235,2026-04-04,DDS-UP-3425,1,2026-06-09,low,valid,valid
DDS-26-00596,Stonehouse Marketing Ltd,"Dublin, Ireland",IE1234567,Millbrook Oils,wood,4818,Toilet tissue rolls,5703.7,51809.06320205013,IE,53.32621329179194,-8.381625338720216,2026-09-09,,1,2026-10-18,low,valid,valid
DDS-25-00597,Stonehouse Marketing Ltd,"Dublin, Ireland",IE1234567,Atlantic Mills,wood,4818,Toilet tissue rolls,3488.8,31129.35113086421,IE,52.082915671632456,-8.214026671067726,2025-04-19,DDS-UP-2737,1,2025-05-29,low,valid,valid
DDS-25-00598,Stonehouse Marketing Ltd,"Dublin, Ireland",IE1234567,Atlantic Mills,wood,4401,Firelogs 700g,642.2,8801.59234572867,IE,53.23956528128807,-7.314929781365361,2025-03-03,,1,2025-05-13,low,valid,valid
DDS-24-00599,Stonehouse Marketing Ltd,"Dublin, Ireland",IE1234567,Western Hygiene Supplies,soy,2309,Complete dog food (soy),20138.2,227218.04855587287,US,40.22063510024703,-94.10889961043391,2024-08-01,DDS-UP-1909,1,2024-11-16,low,valid,valid
DDS-26-00600,Stonehouse Marketing Ltd,"Dublin, Ireland",IE1234567,Western Hygiene Supplies,wood,4818,Toilet tissue rolls,1002.5,9733.889372331765,IE,52.33403240233839,-6.30485207056528,2026-06-10,DDS-UP-7365,1,2026-10-01,low,valid,valid
DDS-26-00601,Stonehouse Marketing Ltd,"Dublin, Ireland",IE1234567,Atlantic Mills,wood,4818,Toilet tissue rolls,15286.1,169307.6108365097,IE,54.203301263578794,-6.9923321469198205,2026-08-08,DDS-UP-2574,1,2026-11-08,low,valid,valid
DDS-24-00602,Stonehouse Marketing Ltd,"Dublin, Ireland",IE1234567,Connolly Pet Foods,wood,4818,Toilet tissue rolls,20369.4,174314.90407406242,IE,52.605438210734505,-7.398977751514228,2024-06-12,DDS-UP-8112,1,2024-09-15,low,valid,valid
DDS-24-00603,Stonehouse Marketing Ltd,"Dublin, Ireland",IE1234567,Connolly Pet Foods,wood,4818,Toilet tissue rolls,13418.3,142557.805358033,IE,52.47269063698375,-7.141290392421883,2024-09-23,DDS-UP-2375,1,2024-12-23,low,valid,valid
DDS-25-00604,Stonehouse Marketing Ltd,"Dublin, Ireland",IE1234567,Connolly Pet Foods,wood,4818,Toilet tissue rolls,7739.3,85755.21386783708,BR,-9.947058188105293,-55.598774041797114,2025-01-15,DDS-UP-2253,1,2025-04-20,standard,valid,valid
DDS-25-00605,Stonehouse Marketing Ltd,"Dublin, Ireland",IE1234567,Longford Fuels,wood,4818,Toilet tissue rolls,14846.4,177703.53852453615,IE,53.782565761811505,-7.49456536890213,2025-03-04,,1,2025-04-25,low,valid,valid
DDS-26-00606,Stonehouse Marketing Ltd,"Dublin, Ireland",IE1234567,Longford Fuels,cattle,2309,Beef pet food complete,14886.6,142769.1384614516,IE,51.935776149108044,-7.951245315147444,2026-04-14,DDS-UP-8371,1,2026-06-06,low,valid,valid
DDS-26-00607,Stonehouse Marketing Ltd,"Dublin, Ireland",IE1234567,Connolly Pet Foods,wood,4818,Toilet tissue rolls,13592.2,147648.25250114925,IE,54.74655856350182,-8.422046981641298,2026-01-15,DDS-UP-2911,1,2026-05-13,low,valid,valid
DDS-25-00608,Stonehouse Marketing Ltd,"Dublin, Ireland",IE1234567,Millbrook Oils,wood,4818,Toilet tissue rolls,9337.9,79613.16851741998,IE,54.032740490180714,-7.022265785484258,2025-05-02,DDS-UP-7471,1,2025-06-18,low,valid,valid
DDS-26-00609,Stonehouse Marketing Ltd,"Dublin, Ireland",IE1234567,Killeen Paper Mills,wood,4818,Toilet tissue rolls,12287.4,144455.03528152028,IE,51.847655739546546,-6.288438909019058,2026-06-20,DDS-UP-4961,1,2026-09-26,low,valid,valid
DDS-24-00610,Stonehouse Marketing Ltd,"Dublin, Ireland",IE1234567,Killeen Paper Mills,wood,4818,Toilet tissue rolls,22609.2,246672.7257187483,IE,53.19027666631711,-7.778032737481314,2024-03-19,,1,2024-04-20,low,valid,valid
DDS-26-00611,Stonehouse Marketing Ltd,"Dublin, Ireland",IE1234567,Western Hygiene Supplies,soy,2309,Complete dog food (soy),8679.3,113626.77068474994,AR,-34.89598473992576,-63.79170861476398,2026-05-27,DDS-UP-8074,1,2026-09-08,standard,valid,valid
DDS-25-00612,Stonehouse Marketing Ltd,"Dublin, Ireland",IE1234567,Millbrook Oils,wood,4401,Firelogs 700g,18253.0,241045.56184951958,IE,52.67232359581479,-7.737510460622303,2025-10-13,,1,2025-12-11,low,valid,valid
DDS-24-00613,Stonehouse Marketing Ltd,"Dublin, Ireland",IE1234567,Atlantic Mills,cattle,2309,Beef pet food complete,10719.9,127321.09784818931,IE,53.06601364261813,-8.252449549289294,2024-05-02,DDS-UP-9106,1,2024-07-28,low,valid,valid
DDS-25-00614,Stonehouse Marketing Ltd,"Dublin, Ireland",IE1234567,Killeen Paper Mills,cattle,2309,Beef pet food complete,12937.1,169744.10227282115,IE,52.66403234436085,-8.623396107496909,2025-04-08,DDS-UP-6556,1,2025-07-31,low,valid,valid
DDS-25-00615,Stonehouse Marketing Ltd,"Dublin, Ireland",IE1234567,Atlantic Mills,wood,4401,Firelogs 700g,16486.3,215429.57664344035,SE,60.76898501019296,14.671113698776141,2025-06-22,DDS-UP-8738,1,2025-10-09,low,valid,valid
DDS-25-00616,Stonehouse Marketing Ltd,"Dublin, Ireland",IE1234567,Killeen Paper Mills,wood,4818,Toilet tissue rolls,15340.9,168172.32234794318,IE,52.058575692781574,-7.751330705081749,2024-11-18,DDS-UP-7815,1,2025-01-17,low,valid,valid
DDS-25-00617,Stonehouse Marketing Ltd,"Dublin, Ireland",IE1234567,Killeen Paper Mills,wood,4818,Toilet tissue rolls,4780.5,61385.89021284223,IE,51.85439178702504,-6.557281679045975,2025-06-01,,1,2025-08-13,low,valid,valid
DDS-25-00618,Stonehouse Marketing Ltd,"Dublin, Ireland",IE1234567,Longford Fuels,wood,4818,Toilet tissue rolls,19729.7,223776.90315741845,IE,52.16206409846205,-8.527713083780588,2025-03-12,,1,2025-04-30,low,valid,valid
DDS-24-00619,Stonehouse Marketing Ltd,"Dublin, Ireland",IE1234567,Connolly Pet Foods,soy,2309,Complete dog food (soy),20075.2,278000.53727597895,US,39.31286845362527,-96.18757393122304,2024-03-15,,1,2024-07-01,low,flagged: missing_prior,missing_prior
DDS-25-00620,Stonehouse Marketing Ltd,"Dublin, Ireland",IE1234567,Killeen Paper Mills,wood,4401,Firelogs 700g,15933.2,142477.78590132005,SE,58.90560411863648,15.187418595894489,2025-10-23,,1,2025-12-29,low,flagged: missing_prior,missing_prior
DDS-24-00621,Stonehouse Marketing Ltd,"Dublin, Ireland",IE1234567,Longford Fuels,cattle,2309,Beef pet food complete,8697.9,91280.10313315954,IE,53.2951730012719,-6.588521862790863,2024-11-22,DDS-UP-4307,1,2024-12-22,low,valid,valid
DDS-24-00622,Stonehouse Marketing Ltd,"Dublin, Ireland",IE1234567,Longford Fuels,wood,4818,Toilet tissue rolls,18022.4,225659.24583687648,SE,59.62396020934191,15.015068184687088,2024-06-15,DDS-UP-5021,1,2024-09-06,low,valid,valid
DDS-26-00623,Stonehouse Marketing Ltd,"Dublin, Ireland",IE1234567,Millbrook Oils,cattle,2309,Beef pet food complete,19967.9,252013.0920818875,IE,53.08646854490212,-6.445939826757253,2026-07-19,DDS-UP-1487,1,2026-10-23,low,valid,valid
DDS-25-00624,Stonehouse Marketing Ltd,"Dublin, Ireland",IE1234567,Western Hygiene Supplies,soy,2309,Complete dog food (soy),10135.0,84595.41573469297,BR,-11.055586284362134,-53.554165226838606,2024-09-17,DDS-UP-3473,1,2025-01-05,standard,valid,valid
DDS-25-00625,Stonehouse Marketing Ltd,"Dublin, Ireland",IE1234567,Atlantic Mills,soy,1507,Soybean oil blend,17669.4,174612.0396564855,AR,-32.872560005192945,-62.582016558295685,2025-07-30,,1,2025-10-12,standard,flagged: missing_prior,missing_prior
DDS-26-00626,Stonehouse Marketing Ltd,"Dublin, Ireland",IE1234567,Connolly Pet Foods,wood,4818,Toilet tissue rolls,16275.0,190566.00568198724,IE,53.38337520682218,-6.438648225064684,2026-03-09,,1,2026-06-03,low,valid,valid
DDS-25-00627,Stonehouse Marketing Ltd,"Dublin, Ireland",IE1234567,Longford Fuels,cattle,2309,Beef pet food complete,2564.9,31908.15967002629,IE,54.14468927939438,-7.986482883049541,2025-01-02,DDS-UP-7389,1,2025-02-17,low,valid,valid
DDS-25-00628,Stonehouse Marketing Ltd,"Dublin, Ireland",IE1234567,Longford Fuels,wood,4401,Firelogs 700g,19047.6,214087.32604441216,IE,52.44120354710861,-7.664985179488678,2025-04-26,DDS-UP-1456,1,2025-06-28,low,valid,valid
DDS-24-00629,Stonehouse Marketing Ltd,"Dublin, Ireland",IE1234567,Western Hygiene Supplies,wood,4818,Toilet tissue rolls,21118.8,174998.76598193217,IE,53.97952773919879,-6.239135899276855,2024-06-27,DDS-UP-9314,1,2024-10-18,low,valid,valid
DDS-25-00630,Stonehouse Marketing Ltd,"Dublin, Ireland",IE1234567,Killeen Paper Mills,soy,2309,Complete dog food (soy),20232.0,270421.5874933137,BR,-10.282694159369349,-56.48435980558811,2025-04-07,,1,2025-07-26,standard,flagged: missing_prior,missing_prior
DDS-26-00631,Stonehouse Marketing Ltd,"Dublin, Ireland",IE1234567,Atlantic Mills,cattle,2309,Beef pet food complete,14532.8,137855.23406339475,IE,52.501513693116685,-8.30239517052765,2026-02-26,DDS-UP-7187,1,2026-05-08,low,valid,valid
DDS-24-00632,Stonehouse Marketing Ltd,"Dublin, Ireland",IE1234567,Connolly Pet Foods,wood,4401,Firelogs 700g,20796.7,182602.92724004653,IE,54.13564852985592,-7.837071227327261,2024-10-15,DDS-UP-2018,1,2024-12-11,low,valid,valid
DDS-26-00633,Stonehouse Marketing Ltd,"Dublin, Ireland",IE1234567,Connolly Pet Foods,wood,4818,Toilet tissue rolls,21864.4,265304.9727947653,IE,53.378766809465446,-7.43528162630718,2025-10-08,DDS-UP-7937,1,2026-01-08,low,valid,valid
DDS-25-00634,Stonehouse Marketing Ltd,"Dublin, Ireland",IE1234567,Connolly Pet Foods,cattle,2309,Beef pet food complete,3669.9,31958.769797021363,IE,52.28852832192956,-7.682642327387841,2025-10-14,,1,2025-12-10,low,valid,valid
DDS-26-00635,Stonehouse Marketing Ltd,"Dublin, Ireland",IE1234567,Western Hygiene Supplies,wood,4401,Firelogs 700g,15239.2,148392.3721524835,IE,52.27051909440911,-7.522919926732808,2026-08-04,DDS-UP-2980,1,2026-11-08,low,valid,valid
DDS-25-00636,Stonehouse Marketing Ltd,"Dublin, Ireland",IE1234567,Killeen Paper Mills,wood,4818,Toilet tissue rolls,3982.4,39150.909816684485,IE,54.7730603033556,-8.290219751879992,2025-10-06,DDS-UP-1797,1,2025-12-11,low,valid,valid
DDS-25-00637,Stonehouse Marketing Ltd,"Dublin, Ireland",IE1234567,Western Hygiene Supplies,wood,4818,Toilet tissue rolls,10730.6,136150.88393680076,SE,60.06638096873654,13.866983716507345,2025-05-06,DDS-UP-8411,1,2025-08-04,low,valid,valid
DDS-26-00638,Stonehouse Marketing Ltd,"Dublin, Ireland",IE1234567,Connolly Pet Foods,soy,2309,Complete dog food (soy),16846.9,201944.02404252364,US,37.89842882220338,-96.08443314198932,2026-01-22,,1,2026-04-14,low,flagged: missing_prior,missing_prior
DDS-26-00639,Stonehouse Marketing Ltd,"Dublin, Ireland",IE1234567,Connolly Pet Foods,wood,4818,Toilet tissue rolls,18529.9,211833.2379599524,SE,59.61699364649492,13.637459143059242,2026-01-11,DDS-UP-3713,1,2026-05-11,low,valid,valid
DDS-26-00640,Stonehouse Marketing Ltd,"Dublin, Ireland",IE1234567,Millbrook Oils,wood,4818,Toilet tissue rolls,14633.0,158841.4221000126,IE,53.731742568895655,-8.944543905725478,2026-10-30,DDS-UP-9548,1,2026-12-01,low,valid,valid
DDS-26-00641,Stonehouse Marketing Ltd,"Dublin, Ireland",IE1234567,Killeen Paper Mills,wood,4818,Toilet tissue rolls,20827.4,177197.17961081566,SE,59.139230204277716,13.556920750624593,2026-04-30,,1,2026-08-06,low,flagged: missing_prior,missing_prior
DDS-24-00642,Stonehouse Marketing Ltd,"Dublin, Ireland",IE1234567,Connolly Pet Foods,wood,4401,Firelogs 700g,4922.4,46974.791814532655,IE,51.93495093192472,-6.614076992857856,2024-03-11,DDS-UP-9649,1,2024-04-24,low,valid,valid
DDS-26-00643,Stonehouse Marketing Ltd,"Dublin, Ireland",IE1234567,Killeen Paper Mills,soy,15x7,Soybean oil blend,8016.5,72859.94065138628,AR,-34.64394482648296,-64.95199322129292,2026-06-16,DDS-UP-3772,1,2026-07-23,standard,flagged: invalid_hs,invalid_hs
DDS-25-00644,Stonehouse Marketing Ltd,"Dublin, Ireland",IE1234567,Western Hygiene Supplies,wood,4818,Toilet tissue rolls,1771.0,22162.895913138836,IE,52.227381651390104,-6.520966936851641,2025-02-10,DDS-UP-4874,1,2025-04-30,low,valid,valid
DDS-24-00645,Stonehouse Marketing Ltd,"Dublin, Ireland",IE1234567,Western Hygiene Supplies,soy,2309,Complete dog food (soy),10483.6,144472.89942406415,BR,-11.044990663271616,-54.840636743446964,2024-04-07,DDS-UP-1305,1,2024-08-01,standard,valid,valid
DDS-26-00646,Stonehouse Marketing Ltd,"Dublin, Ireland",IE1234567,Connolly Pet Foods,wood,4818,Toilet tissue rolls,2555.8,22629.569939024455,IE,53.75465272929998,-8.82328597222389,2025-11-12,DDS-UP-4333,1,2026-02-19,low,valid,valid
DDS-26-00647,Stonehouse Marketing Ltd,"Dublin, Ireland",IE1234567,Connolly Pet Foods,soy,1507,Soybean oil blend,1523.9,17866.781931809513,AR,-33.8873931105596,-64.22874263015348,2026-07-11,,1,2026-11-01,standard,flagged: missing_prior,missing_prior
DDS-26-00648,Stonehouse Marketing Ltd,"Dublin, Ireland",IE1234567,Atlantic Mills,soy,1507,Soybean oil blend,9813.8,108559.96638353463,BR,-9.199479551870882,-55.05344122037359,2026-02-08,DDS-UP-4485,1,2026-03-15,standard,valid,valid
DDS-26-00649,Stonehouse Marketing Ltd,"Dublin, Ireland",IE1234567,Killeen Paper Mills,wood,4818,Toilet tissue rolls,18264.3,169220.58524920893,IE,52.00980565921898,-8.930854688689749,2026-02-27,,1,2026-06-01,low,valid,valid
DDS-25-00650,Stonehouse Marketing Ltd,"Dublin, Ireland",IE1234567,Atlantic Mills,soy,1507,Soybean oil blend,11591.6,124711.66028519838,BR,-9.953697012094963,-55.47209423105784,2025-01-18,DDS-UP-6269,1,2025-05-04,standard,valid,valid
DDS-26-00651,Stonehouse Marketing Ltd,"Dublin, Ireland",IE1234567,Western Hygiene Supplies,wood,4818,Toilet tissue rolls,22585.4,275066.2237305807,SE,59.00117723449566,16.26677334313201,2025-12-22,DDS-UP-7769,1,2026-03-24,low,valid,valid
DDS-24-00652,Stonehouse Marketing Ltd,"Dublin, Ireland",IE1234567,Western Hygiene Supplies,cattle,2309,Beef pet food complete,22368.0,195507.3597661161,IE,54.16191570483268,-7.252708171652262,2024-06-07,,1,2024-08-24,low,valid,valid
DDS-26-00653,Stonehouse Marketing Ltd,"Dublin, Ireland",IE1234567,Western Hygiene Supplies,soy,2309,Complete dog food (soy),3556.7,33180.897422896705,BR,-11.468440089244861,-54.19610246691399,2026-04-29,DDS-UP-4161,1,2026-05-31,standard,valid,valid
DDS-26-00654,Stonehouse Marketing Ltd,"Dublin, Ireland",IE1234567,Atlantic Mills,cattle,2309,Beef pet food complete,7927.9,86912.39460491523,IE,53.927593331586294,-8.625464970842753,2026-06-12,,1,2026-08-27,low,valid,valid
DDS-24-00655,Stonehouse Marketing Ltd,"Dublin, Ireland",IE1234567,Atlantic Mills,wood,4818,Toilet tissue rolls,10204.1,111878.4455508738,IE,53.912143100208816,-7.381919108128109,2023-11-18,,1,2024-02-26,low,valid,valid
DDS-25-00656,Stonehouse Marketing Ltd,"Dublin, Ireland",IE1234567,Millbrook Oils,wood,4818,Toilet tissue rolls,3642.0,47829.92621193449,IE,53.816526639812814,-7.391082353179003,2024-10-16,DDS-UP-5253,1,2025-01-20,low,valid,valid
DDS-26-00657,Stonehouse Marketing Ltd,"Dublin, Ireland",IE1234567,Atlantic Mills,cattle,23x9,Beef pet food complete,13557.1,160594.6642407841,IE,54.34300153280747,-9.130647485138073,2026-08-20,DDS-UP-8437,1,2026-12-11,low,flagged: invalid_hs,invalid_hs
DDS-25-00658,Stonehouse Marketing Ltd,"Dublin, Ireland",IE1234567,Atlantic Mills,wood,4818,Toilet tissue rolls,13198.2,175573.20831355196,SE,59.89764451483656,16.48531942978969,2025-03-21,DDS-UP-9474,1,2025-05-18,low,valid,valid
DDS-25-00659,Stonehouse Marketing Ltd,"Dublin, Ireland",IE1234567,Longford Fuels,wood,4818,Toilet tissue rolls,2504.3,23424.641252208272,SE,60.19723084678191,14.448725894208833,2025-05-21,DDS-UP-1415,1,2025-09-16,low,valid,valid
DDS-25-00660,Stonehouse Marketing Ltd,"Dublin, Ireland",IE1234567,Atlantic Mills,wood,4818,Toilet tissue rolls,15819.7,182799.55418798458,IE,52.54995248459749,-8.70655527422075,2025-03-09,DDS-UP-8077,1,2025-06-27,low,valid,valid
DDS-26-00661,Stonehouse Marketing Ltd,"Dublin, Ireland",IE1234567,Western Hygiene Supplies,soy,2309,Complete dog food (soy),20630.0,261062.26961734614,US,38.241460698273194,-95.07927042458148,2026-08-16,DDS-UP-4878,1,2026-12-03,low,valid,valid
DDS-26-00662,Stonehouse Marketing Ltd,"Dublin, Ireland",IE1234567,Western Hygiene Supplies,wood,4818,Toilet tissue rolls,9746.2,123736.56069134724,IE,53.1393685723603,-8.825520883078843,2026-11-07,,1,2026-12-14,low,valid,valid
DDS-24-00663,Stonehouse Marketing Ltd,"Dublin, Ireland",IE1234567,Atlantic Mills,soy,2309,Complete dog food (soy),1866.9,21849.846357582825,BR,-11.095586777983488,-54.62144436467054,2024-05-11,DDS-UP-7249,1,2024-08-01,standard,valid,valid
DDS-25-00664,Stonehouse Marketing Ltd,"Dublin, Ireland",IE1234567,Connolly Pet Foods,wood,4818,Toilet tissue rolls,22058.5,265907.6426152695,IE,53.7791720947029,-9.168180363176512,2025-08-06,DDS-UP-6564,1,2025-09-08,low,valid,valid
DDS-26-00665,Stonehouse Marketing Ltd,"Dublin, Ireland",IE1234567,Western Hygiene Supplies,wood,4401,Firelogs 700g,15025.7,131563.37272412493,IE,52.377443952292346,-8.891931038820253,2025-12-08,,1,2026-03-13,low,valid,valid
DDS-25-00666,Stonehouse Marketing Ltd,"Dublin, Ireland",IE1234567,Western Hygiene Supplies,wood,4818,Toilet tissue rolls,1982.0,23606.075623266483,IE,53.9738691096198,-7.866127059178277,2025-01-28,DDS-UP-8140,1,2025-04-13,low,valid,valid
DDS-25-00667,Stonehouse Marketing Ltd,"Dublin, Ireland",IE1234567,Longford Fuels,wood,4818,Toilet tissue rolls,7631.1,91161.58485197327,SE,60.926486993110736,13.942227187816584,2025-05-07,,1,2025-06-24,low,flagged: missing_prior,missing_prior
DDS-25-00668,Stonehouse Marketing Ltd,"Dublin, Ireland",IE1234567,Killeen Paper Mills,wood,4818,Toilet tissue rolls,24424.5,245449.40975843737,IE,54.30552478938065,-6.623893383414881,2025-06-21,DDS-UP-4297,1,2025-10-14,low,valid,valid
DDS-26-00669,Stonehouse Marketing Ltd,"Dublin, Ireland",IE1234567,Millbrook Oils,wood,4401,Firelogs 700g,24095.1,207918.72330627384,IE,53.202207164461065,-7.122758482445507,2026-08-17,DDS-UP-7859,1,2026-09-21,low,valid,valid
DDS-25-00670,Stonehouse Marketing Ltd,"Dublin, Ireland",IE1234567,Killeen Paper Mills,wood,4401,Firelogs 700g,6356.0,63490.66021944657,SE,60.516301151134634,15.57966167249398,2025-09-07,,1,2025-11-24,low,flagged: missing_prior,missing_prior
DDS-24-00671,Stonehouse Marketing Ltd,"Dublin, Ireland",IE1234567,Western Hygiene Supplies,wood,4818,Toilet tissue rolls,14089.9,162232.7762043465,IE,54.769634130747434,-8.111548562126783,2024-06-02,DDS-UP-8215,1,2024-08-17,low,valid,valid
DDS-26-00672,Stonehouse Marketing Ltd,"Dublin, Ireland",IE1234567,Atlantic Mills,wood,4818,Toilet tissue rolls,4770.0,43769.163967632514,IE,52.39347498306857,-8.677560172551608,2026-08-23,,1,2026-10-14,low,valid,valid
DDS-25-00673,Stonehouse Marketing Ltd,"Dublin, Ireland",IE1234567,Western Hygiene Supplies,soy,2309,Complete dog food (soy),8790.4,113017.52777583782,US,37.56298128138734,-94.46764286300741,2025-05-12,DDS-UP-8474,1,2025-09-03,low,valid,valid
DDS-25-00674,Stonehouse Marketing Ltd,"Dublin, Ireland",IE1234567,Atlantic Mills,wood,4818,Toilet tissue rolls,2101.7,19230.739430277208,IE,54.197068493016694,-7.330388649962908,2025-08-08,DDS-UP-3142,1,2025-10-25,low,valid,valid
DDS-26-00675,Stonehouse Marketing Ltd,"Dublin, Ireland",IE1234567,Millbrook Oils,cattle,2309,Beef pet food complete,14889.5,132388.52284505963,IE,53.08862049379158,-7.291571154194706,2026-09-08,,1,2026-11-08,low,valid,valid
DDS-26-00676,Stonehouse Marketing Ltd,"Dublin, Ireland",IE1234567,Connolly Pet Foods,wood,4818,Toilet tissue rolls,5626.3,65767.61374343016,IE,54.41855447574984,-6.645492084884581,2026-10-20,DDS-UP-8711,1,2026-12-10,low,valid,valid
DDS-25-00677,Stonehouse Marketing Ltd,"Dublin, Ireland",IE1234567,Connolly Pet Foods,wood,4401,Firelogs 700g,4885.5,53250.88658292475,IE,53.73521469275212,-7.672524448314322,2025-09-20,,1,2025-12-22,low,valid,valid
DDS-26-00678,Stonehouse Marketing Ltd,"Dublin, Ireland",IE1234567,Killeen Paper Mills,wood,4401,Firelogs 700g,5878.4,57819.90841061119,IE,53.71431680145528,-6.828126556039245,2026-02-06,DDS-UP-4840,1,2026-04-25,low,valid,valid
DDS-24-00679,Stonehouse Marketing Ltd,"Dublin, Ireland",IE1234567,Western Hygiene Supplies,wood,4401,Firelogs 700g,7728.7,83404.4103169927,SE,59.722322065856964,15.151655921744382,2024-08-07,DDS-UP-4771,1,2024-11-24,low,valid,valid
DDS-25-00680,Stonehouse Marketing Ltd,"Dublin, Ireland",IE1234567,Longford Fuels,wood,4818,Toilet tissue rolls,9868.1,83438.04844775937,IE,53.09751698841794,-8.097464175421646,2025-11-11,DDS-UP-4830,1,2025-12-21,low,valid,valid
DDS-25-00681,Stonehouse Marketing Ltd,"Dublin, Ireland",IE1234567,Killeen Paper Mills,wood,4818,Toilet tissue rolls,2911.0,29117.41446072328,IE,53.43995566912713,-8.96552296908483,2025-01-25,DDS-UP-1627,1,2025-05-21,low,valid,valid
DDS-25-00682,Stonehouse Marketing Ltd,"Dublin, Ireland",IE1234567,Atlantic Mills,wood,4818,Toilet tissue rolls,15298.8,123173.74859333216,IE,54.246694339107336,-7.1493820105765415,2025-03-12,DDS-UP-9898,1,2025-05-19,low,valid,valid
DDS-26-00683,Stonehouse Marketing Ltd,"Dublin, Ireland",IE1234567,Atlantic Mills,wood,4818,Toilet tissue rolls,791.3,7410.897167466585,IE,54.790527005578824,-6.362554977705513,2026-07-06,DDS-UP-3445,1,2026-08-31,low,valid,valid
DDS-26-00684,Stonehouse Marketing Ltd,"Dublin, Ireland",IE1234567,Connolly Pet Foods,wood,4401,Firelogs 700g,8846.2,120764.59519674159,IE,54.15792394472543,-6.927136102272459,2026-03-28,DDS-UP-4077,1,2026-06-19,low,valid,valid
DDS-26-00685,Stonehouse Marketing Ltd,"Dublin, Ireland",IE1234567,Killeen Paper Mills,wood,4818,Toilet tissue rolls,7986.5,95463.34344459152,IE,53.47534045197302,-8.075899498039107,2025-12-13,,1,2026-02-26,low,valid,valid
DDS-26-00686,Stonehouse Marketing Ltd,"Dublin, Ireland",IE1234567,Millbrook Oils,wood,4818,Toilet tissue rolls,7841.1,69959.45026757699,IE,53.85728841765134,-7.989893848534489,2026-05-20,DDS-UP-1527,1,2026-07-31,low,valid,valid
DDS-25-00687,Stonehouse Marketing Ltd,"Dublin, Ireland",IE1234567,Connolly Pet Foods,wood,4401,Firelogs 700g,5503.0,59700.20860033498,IE,54.54125658589238,-7.47836379706238,2025-07-05,DDS-UP-9757,1,2025-09-15,low,valid,valid
DDS-24-00688,Stonehouse Marketing Ltd,"Dublin, Ireland",IE1234567,Millbrook Oils,wood,4401,Firelogs 700g,4852.1,39598.13866558144,IE,54.48423138494742,-8.920275480193862,2024-08-15,,1,2024-10-09,low,valid,valid
DDS-26-00689,Stonehouse Marketing Ltd,"Dublin, Ireland",IE1234567,Western Hygiene Supplies,wood,4818,Toilet tissue rolls,11639.3,153152.75036993236,BR,-11.148547138142012,-55.80088172202321,2026-02-10,DDS-UP-1180,1,2026-05-03,standard,valid,valid
DDS-26-00690,Stonehouse Marketing Ltd,"Dublin, Ireland",IE1234567,Connolly Pet Foods,wood,4818,Toilet tissue rolls,23899.9,220693.15910739146,BR,-11.61258699290932,-55.24476039085721,2026-04-11,,1,2026-07-05,standard,flagged: missing_prior,missing_prior
DDS-25-00691,Stonehouse Marketing Ltd,"Dublin, Ireland",IE1234567,Killeen Paper Mills,soy,2309,Complete dog food (soy),12810.6,178663.1697037326,AR,-35.02365625045353,-63.77472584830625,2025-03-31,DDS-UP-5512,1,2025-06-26,standard,valid,valid
DDS-26-00692,Stonehouse Marketing Ltd,"Dublin, Ireland",IE1234567,Connolly Pet Foods,wood,4818,Toilet tissue rolls,11775.0,156442.23128870124,IE,54.22269749746114,-7.622430485586268,2026-08-04,DDS-UP-2492,1,2026-10-31,low,valid,valid
DDS-26-00693,Stonehouse Marketing Ltd,"Dublin, Ireland",IE1234567,Killeen Paper Mills,wood,4818,Toilet tissue rolls,10668.8,143655.37677269545,SE,60.97704035559555,14.673271103494484,2026-07-10,DDS-UP-8079,1,2026-09-01,low,valid,valid
DDS-26-00694,Stonehouse Marketing Ltd,"Dublin, Ireland",IE1234567,Killeen Paper Mills,cattle,2309,Beef pet food complete,7207.5,60546.33837097818,IE,53.89593427059845,-9.069006606049197,2026-08-18,DDS-UP-5782,1,2026-10-14,low,valid,valid
DDS-25-00695,Stonehouse Marketing Ltd,"Dublin, Ireland",IE1234567,Western Hygiene Supplies,soy,2309,Complete dog food (soy),12857.7,115578.31061624576,BR,-9.714417601686183,-56.136308126256246,2025-06-29,,1,2025-08-24,standard,flagged: missing_prior,missing_prior
DDS-26-00696,Stonehouse Marketing Ltd,"Dublin, Ireland",IE1234567,Connolly Pet Foods,wood,4401,Firelogs 700g,8919.6,71931.43781197532,IE,52.01958647606224,-7.116542857685192,2026-05-27,DDS-UP-4185,1,2026-07-10,low,valid,valid
DDS-25-00697,Stonehouse Marketing Ltd,"Dublin, Ireland",IE1234567,Western Hygiene Supplies,cattle,2309,Beef pet food complete,13936.5,180095.25936418446,IE,53.81088671569547,-7.8072633605131685,2025-09-30,DDS-UP-8171,1,2025-11-19,low,valid,valid
DDS-26-00698,Stonehouse Marketing Ltd,"Dublin, Ireland",IE1234567,Connolly Pet Foods,wood,4818,Toilet tissue rolls,4627.1,41278.26130098858,IE,52.10154536315582,-8.31756603887339,2025-11-08,DDS-UP-1183,1,2026-01-22,low,valid,valid
DDS-25-00699,Stonehouse Marketing Ltd,"Dublin, Ireland",IE1234567,Western Hygiene Supplies,wood,4818,Toilet tissue rolls,20994.3,258197.61334679808,IE,54.478063117154925,-7.603103585179899,2025-09-19,,1,2025-11-01,low,valid,valid
DDS-26-00700,Stonehouse Marketing Ltd,"Dublin, Ireland",IE1234567,Killeen Paper Mills,wood,4818,Toilet tissue rolls,23256.1,188286.74984872618,IE,51.957245768566544,-9.186002801761076,2026-06-23,DDS-UP-4908,1,2026-07-26,low,valid,valid
DDS-25-00701,Stonehouse Marketing Ltd,"Dublin, Ireland",IE1234567,Western Hygiene Supplies,soy,1507,Soybean oil blend,20024.6,180267.12678314146,BR,-11.423544540704201,-54.493151633519574,2024-12-25,,1,2025-03-18,standard,flagged: missing_prior,missing_prior
DDS-26-00702,Stonehouse Marketing Ltd,"Dublin, Ireland",IE1234567,Millbrook Oils,wood,4401,Firelogs 700g,10179.1,103210.55647494168,SE,59.56803872798504,15.380359303717633,2026-02-12,DDS-UP-4807,1,2026-04-05,low,valid,valid
DDS-25-00703,Stonehouse Marketing Ltd,"Dublin, Ireland",IE1234567,Atlantic Mills,wood,4818,Toilet tissue rolls,20469.6,214246.72675196014,IE,,,2024-12-01,DDS-UP-7045,1,2025-03-17,low,flagged: missing_geo,missing_geo
DDS-26-00704,Stonehouse Marketing Ltd,"Dublin, Ireland",IE1234567,Millbrook Oils,wood,4401,Firelogs 700g,4700.7,65285.65018174271,BR,-9.86240667396378,-54.1262206809849,2026-07-13,,1,2026-11-09,standard,flagged: missing_prior,missing_prior
DDS-25-00705,Stonehouse Marketing Ltd,"Dublin, Ireland",IE1234567,Atlantic Mills,wood,4818,Toilet tissue rolls,8290.2,82990.13567578698,SE,60.91421922952803,13.898794308276024,2024-10-05,,1,2025-01-20,low,flagged: missing_prior,missing_prior
DDS-25-00706,Stonehouse Marketing Ltd,"Dublin, Ireland",IE1234567,Atlantic Mills,soy,2309,Complete dog food (soy),24715.3,307148.88911611674,BR,-10.466921575950266,-54.27455823349002,2025-10-26,DDS-UP-3032,1,2025-12-26,standard,valid,valid
DDS-24-00707,Stonehouse Marketing Ltd,"Dublin, Ireland",IE1234567,Killeen Paper Mills,wood,4401,Firelogs 700g,16230.0,161847.81777482422,IE,52.923570885480785,-8.310155808880662,2024-10-15,DDS-UP-8270,1,2024-12-19,low,valid,valid
DDS-25-00708,Stonehouse Marketing Ltd,"Dublin, Ireland",IE1234567,Longford Fuels,wood,4818,Toilet tissue rolls,18888.5,174433.4957520123,IE,51.918822429795696,-6.824660686159861,2025-09-01,DDS-UP-6427,1,2025-10-07,low,valid,valid
DDS-26-00709,Stonehouse Marketing Ltd,"Dublin, Ireland",IE1234567,Millbrook Oils,soy,2309,Complete dog food (soy),21881.3,175843.7275065795,AR,-34.754985851016976,-63.43795048379277,2026-03-17,DDS-UP-4007,1,2026-06-17,standard,valid,valid
DDS-25-00710,Stonehouse Marketing Ltd,"Dublin, Ireland",IE1234567,Western Hygiene Supplies,wood,4818,Toilet tissue rolls,4755.1,40270.88047184853,IE,53.703100877821726,-8.77540396738929,2024-11-29,DDS-UP-4348,1,2025-02-26,low,valid,valid
DDS-25-00711,Stonehouse Marketing Ltd,"Dublin, Ireland",IE1234567,Longford Fuels,wood,4818,Toilet tissue rolls,14622.3,192642.26868642753,IE,52.534774874687564,-8.670693485308039,2025-01-19,,1,2025-04-20,low,valid,valid
DDS-25-00712,Stonehouse Marketing Ltd,"Dublin, Ireland",IE1234567,Millbrook Oils,wood,4818,Toilet tissue rolls,15430.2,196910.20756533302,BR,-10.805266580483671,-55.996701885669374,2025-09-30,DDS-UP-3553,1,2025-11-01,standard,valid,valid
DDS-25-00713,Stonehouse Marketing Ltd,"Dublin, Ireland",IE1234567,Millbrook Oils,cattle,2309,Beef pet food complete,4243.6,45754.10227744103,IE,52.04969856647085,-6.480628891553003,2025-03-19,,1,2025-06-15,low,valid,valid
DDS-26-00714,Stonehouse Marketing Ltd,"Dublin, Ireland",IE1234567,Killeen Paper Mills,wood,4818,Toilet tissue rolls,4290.7,53128.35639216033,IE,53.24253300291165,-8.200297580585115,2026-03-29,DDS-UP-1210,1,2026-06-14,low,valid,valid
DDS-25-00715,Stonehouse Marketing Ltd,"Dublin, Ireland",IE1234567,Connolly Pet Foods,wood,4401,Firelogs 700g,8041.4,112216.40868403824,SE,,,2025-07-15,,1,2025-08-29,low,flagged: missing_geo,missing_geo
DDS-25-00716,Stonehouse Marketing Ltd,"Dublin, Ireland",IE1234567,Atlantic Mills,wood,4818,Toilet tissue rolls,9040.2,92292.15435629619,IE,52.38268460101524,-7.891106163924258,2025-03-21,,1,2025-04-27,low,valid,valid
DDS-24-00717,Stonehouse Marketing Ltd,"Dublin, Ireland",IE1234567,Longford Fuels,cattle,2309,Beef pet food complete,15958.3,171277.63515079173,BR,-9.793007383194748,-55.77294139241295,2024-01-29,DDS-UP-3422,1,2024-05-25,standard,valid,valid
DDS-25-00718,Stonehouse Marketing Ltd,"Dublin, Ireland",IE1234567,Western Hygiene Supplies,wood,4818,Toilet tissue rolls,19388.8,223300.08391165943,IE,53.53502538990478,-7.212186001803371,2024-11-22,DDS-UP-7297,1,2025-01-01,low,valid,valid
DDS-25-00719,Stonehouse Marketing Ltd,"Dublin, Ireland",IE1234567,Longford Fuels,wood,4401,Firelogs 700g,12765.8,158341.88481703927,IE,53.06883457971715,-6.710751304919911,2025-03-14,DDS-UP-7271,1,2025-04-24,low,valid,valid
DDS-25-00720,Stonehouse Marketing Ltd,"Dublin, Ireland",IE1234567,Killeen Paper Mills,wood,4818,Toilet tissue rolls,23285.4,300342.91934865894,IE,,,2025-04-13,DDS-UP-6047,1,2025-05-13,low,flagged: missing_geo,missing_geo
DDS-25-00721,Stonehouse Marketing Ltd,"Dublin, Ireland",IE1234567,Connolly Pet Foods,wood,4818,Toilet tissue rolls,4680.5,42554.66598090456,IE,53.05351881664161,-7.949473028156433,2025-04-20,DDS-UP-3200,1,2025-06-03,low,valid,valid
DDS-25-00722,Stonehouse Marketing Ltd,"Dublin, Ireland",IE1234567,Killeen Paper Mills,wood,4401,Firelogs 700g,6854.1,80611.23650035847,SE,59.15691412540393,13.676946194840575,2024-10-12,,1,2025-01-29,low,flagged: missing_prior,missing_prior
DDS-24-00723,Stonehouse Marketing Ltd,"Dublin, Ireland",IE1234567,Western Hygiene Supplies,wood,4818,Toilet tissue rolls,8882.7,111595.1505509894,IE,52.03942940592301,-8.942878808578957,2024-10-09,DDS-UP-8829,1,2024-11-09,low,valid,valid
DDS-26-00724,Stonehouse Marketing Ltd,"Dublin, Ireland",IE1234567,Western Hygiene Supplies,wood,4818,Toilet tissue rolls,5671.2,63066.26614902419,IE,51.82167997506236,-7.4526636543302125,2026-10-19,,1,2026-12-22,low,valid,valid
DDS-25-00725,Stonehouse Marketing Ltd,"Dublin, Ireland",IE1234567,Longford Fuels,soy,2309,Complete dog food (soy),24986.4,299598.67241068324,BR,-10.988910095295946,-55.211639136004074,2025-06-09,,1,2025-08-26,standard,flagged: missing_prior,missing_prior
DDS-24-00726,Stonehouse Marketing Ltd,"Dublin, Ireland",IE1234567,Atlantic Mills,wood,4401,Firelogs 700g,10344.3,84348.27626269737,BR,-9.380767703125137,-54.08118938430747,2023-12-21,,1,2024-02-04,standard,flagged: missing_prior,missing_prior
DDS-25-00727,Stonehouse Marketing Ltd,"Dublin, Ireland",IE1234567,Millbrook Oils,soy,2309,Complete dog food (soy),17311.5,207069.264746678,BR,-9.90220613588155,-54.054844724047086,2025-07-25,,1,2025-08-24,standard,flagged: missing_prior,missing_prior
DDS-25-00728,Stonehouse Marketing Ltd,"Dublin, Ireland",IE1234567,Western Hygiene Supplies,soy,1507,Soybean oil blend,24255.1,228030.7307396947,US,39.9378571433317,-96.4501090876659,2025-05-16,,1,2025-08-16,low,flagged: missing_prior,missing_prior
DDS-26-00729,Stonehouse Marketing Ltd,"Dublin, Ireland",IE1234567,Connolly Pet Foods,wood,4818,Toilet tissue rolls,24678.4,306151.99911537586,IE,52.04410769376905,-7.916251158585741,2026-09-09,,1,2026-11-15,low,valid,valid
DDS-26-00730,Stonehouse Marketing Ltd,"Dublin, Ireland",IE1234567,Atlantic Mills,wood,4401,Firelogs 700g,12863.6,154856.8144533008,IE,54.40957616984966,-6.5712979799831075,2026-04-26,DDS-UP-2426,1,2026-08-04,low,valid,valid
DDS-25-00731,Stonehouse Marketing Ltd,"Dublin, Ireland",IE1234567,Millbrook Oils,soy,1507,Soybean oil blend,6402.1,89374.39683962018,BR,-9.310774271645695,-53.634846334553984,2025-11-04,DDS-UP-2465,1,2025-12-07,standard,valid,valid
DDS-25-00732,Stonehouse Marketing Ltd,"Dublin, Ireland",IE1234567,Longford Fuels,wood,4818,Toilet tissue rolls,16815.4,201664.70789960618,SE,61.30794555656962,15.798926471479785,2024-12-09,,1,2025-03-17,low,flagged: missing_prior,missing_prior
DDS-25-00733,Stonehouse Marketing Ltd,"Dublin, Ireland",IE1234567,Millbrook Oils,wood,4401,Firelogs 700g,19275.3,237175.94359727326,IE,54.186621393824765,-8.201596647383111,2025-01-03,DDS-UP-6623,1,2025-03-22,low,valid,valid
DDS-25-00734,Stonehouse Marketing Ltd,"Dublin, Ireland",IE1234567,Longford Fuels,cattle,2309,Beef pet food complete,3334.4,38522.999830804845,IE,54.698743991318516,-7.889113241245282,2025-02-07,DDS-UP-2460,1,2025-04-02,low,valid,valid
DDS-26-00735,Stonehouse Marketing Ltd,"Dublin, Ireland",IE1234567,Millbrook Oils,cattle,2309,Beef pet food complete,18554.5,191647.07726062613,IE,52.90321107791552,-6.640009072869145,2026-09-07,DDS-UP-9775,1,2026-11-30,low,valid,valid
DDS-26-00736,Stonehouse Marketing Ltd,"Dublin, Ireland",IE1234567,Millbrook Oils,wood,4818,Toilet tissue rolls,14974.0,161174.39527860342,IE,53.83790651114117,-6.8103040920278275,2025-11-22,DDS-UP-1150,1,2026-01-09,low,valid,valid
DDS-24-00737,Stonehouse Marketing Ltd,"Dublin, Ireland",IE1234567,Longford Fuels,soy,2309,Complete dog food (soy),4073.8,40140.57136673275,BR,-11.34328728542106,-54.46005723351722,2024-08-17,DDS-UP-1562,1,2024-12-13,standard,valid,valid
DDS-26-00738,Stonehouse Marketing Ltd,"Dublin, Ireland",IE1234567,Connolly Pet Foods,wood,48x8,Toilet tissue rolls,7641.6,68134.13632063703,BR,-9.880433196411165,-55.06515175928748,2026-07-11,,1,2026-09-05,standard,flagged: invalid_hs,invalid_hs
DDS-26-00739,Stonehouse Marketing Ltd,"Dublin, Ireland",IE1234567,Killeen Paper Mills,soy,2309,Complete dog food (soy),21491.1,277021.8472324497,US,38.17521520034389,-94.29282327623889,2026-09-20,,1,2026-11-09,low,flagged: missing_prior,missing_prior
DDS-26-00740,Stonehouse Marketing Ltd,"Dublin, Ireland",IE1234567,Connolly Pet Foods,soy,1507,Soybean oil blend,10081.0,136480.4361776139,AR,-34.487769557034134,-63.46630394145649,2026-08-27,DDS-UP-5637,1,2026-12-24,standard,valid,valid
DDS-26-00741,Stonehouse Marketing Ltd,"Dublin, Ireland",IE1234567,Western Hygiene Supplies,soy,2309,Complete dog food (soy),21320.3,191502.4909928174,BR,-11.607297949714543,-54.243200560109074,2026-01-13,,1,2026-03-01,standard,flagged: missing_prior,missing_prior
DDS-26-00742,Stonehouse Marketing Ltd,"Dublin, Ireland",IE1234567,Killeen Paper Mills,wood,4818,Toilet tissue rolls,18515.3,257934.8877008529,IE,54.49165426071337,-8.570700965416362,2026-07-01,DDS-UP-2670,1,2026-08-18,low,valid,valid
DDS-24-00743,Stonehouse Marketing Ltd,"Dublin, Ireland",IE1234567,Longford Fuels,wood,4818,Toilet tissue rolls,24366.9,270292.54477190983,BR,-9.961664203368274,-55.995331244334906,2024-05-01,DDS-UP-1859,1,2024-07-13,standard,valid,valid
DDS-24-00744,Stonehouse Marketing Ltd,"Dublin, Ireland",IE1234567,Killeen Paper Mills,wood,4401,Firelogs 700g,10217.8,104755.23410456232,BR,-10.119082360210633,-55.28801801253108,2024-01-26,DDS-UP-3826,1,2024-05-23,standard,valid,valid
DDS-26-00745,Stonehouse Marketing Ltd,"Dublin, Ireland",IE1234567,Connolly Pet Foods,soy,1507,Soybean oil blend,7242.8,61533.53917147495,AR,,,2026-05-28,DDS-UP-7018,1,2026-08-28,standard,flagged: missing_geo,missing_geo
DDS-26-00746,Stonehouse Marketing Ltd,"Dublin, Ireland",IE1234567,Connolly Pet Foods,wood,4401,Firelogs 700g,7206.3,65480.618308426296,SE,59.274805120148365,15.260551472894443,2026-09-22,,1,2026-12-22,low,flagged: missing_prior,missing_prior
DDS-25-00747,Stonehouse Marketing Ltd,"Dublin, Ireland",IE1234567,Atlantic Mills,soy,1507,Soybean oil blend,22767.6,293183.11228778114,AR,-34.60490995858409,-65.12429068760332,2025-06-10,,1,2025-07-12,standard,flagged: missing_prior,missing_prior
DDS-24-00748,Stonehouse Marketing Ltd,"Dublin, Ireland",IE1234567,Millbrook Oils,wood,4818,Toilet tissue rolls,13705.1,171602.23268953763,SE,60.950423667107444,15.090262982738686,2024-06-03,,1,2024-07-29,low,flagged: missing_prior,missing_prior
DDS-25-00749,Stonehouse Marketing Ltd,"Dublin, Ireland",IE1234567,Millbrook Oils,soy,1507,Soybean oil blend,11457.2,105834.50327651946,US,38.04199251969166,-94.70269218023384,2024-12-07,DDS-UP-1641,1,2025-01-26,low,valid,valid
DDS-24-00750,Stonehouse Marketing Ltd,"Dublin, Ireland",IE1234567,Longford Fuels,wood,4818,Toilet tissue rolls,9407.2,112406.22082526707,IE,54.059206191487725,-8.946169016213824,2024-09-10,DDS-UP-7931,1,2024-11-10,low,valid,valid
DDS-26-00751,Stonehouse Marketing Ltd,"Dublin, Ireland",IE1234567,Connolly Pet Foods,wood,4818,Toilet tissue rolls,3926.4,54640.24230538418,SE,60.15832921500399,15.848405472041595,2026-02-16,DDS-UP-6127,1,2026-05-02,low,valid,valid
DDS-24-00752,Stonehouse Marketing Ltd,"Dublin, Ireland",IE1234567,Western Hygiene Supplies,wood,4401,Firelogs 700g,5107.8,59316.19859973489,IE,53.86379092706015,-7.2121490101569155,2024-04-22,DDS-UP-4526,1,2024-06-18,low,valid,valid
DDS-26-00753,Stonehouse Marketing Ltd,"Dublin, Ireland",IE1234567,Longford Fuels,wood,4401,Firelogs 700g,9853.7,83751.76413969944,IE,53.98731321295305,-7.9339549644062,2025-12-03,,1,2026-02-03,low,valid,valid
DDS-26-00754,Stonehouse Marketing Ltd,"Dublin, Ireland",IE1234567,Longford Fuels,cattle,2309,Beef pet food complete,24886.3,283252.2068034759,BR,-11.570268149616473,-55.88871130934601,2025-12-18,DDS-UP-4156,1,2026-04-09,standard,valid,valid
DDS-26-00755,Stonehouse Marketing Ltd,"Dublin, Ireland",IE1234567,Connolly Pet Foods,soy,2309,Complete dog food (soy),9784.1,94130.3937863651,AR,-34.24094058227015,-65.03952577003031,2026-09-19,,1,2026-12-26,standard,flagged: missing_prior,missing_prior
DDS-25-00756,Stonehouse Marketing Ltd,"Dublin, Ireland",IE1234567,Longford Fuels,wood,4818,Toilet tissue rolls,19562.7,167998.2296718563,IE,51.99787807753736,-7.279467533030194,2025-06-21,DDS-UP-4698,1,2025-08-18,low,valid,valid
DDS-26-00757,Stonehouse Marketing Ltd,"Dublin, Ireland",IE1234567,Longford Fuels,wood,48x8,Toilet tissue rolls,14926.3,182141.6567787708,IE,54.57690758087121,-8.672805883143642,2026-04-19,,1,2026-06-24,low,flagged: invalid_hs,invalid_hs
DDS-26-00758,Stonehouse Marketing Ltd,"Dublin, Ireland",IE1234567,Connolly Pet Foods,wood,4401,Firelogs 700g,4926.5,62726.58429480338,IE,54.489710729896196,-8.687757750198326,2026-08-17,,1,2026-11-25,low,valid,valid
DDS-24-00759,Stonehouse Marketing Ltd,"Dublin, Ireland",IE1234567,Millbrook Oils,wood,4401,Firelogs 700g,17974.0,223102.89058901547,SE,60.03058560622432,13.882716609367602,2024-01-31,DDS-UP-3337,1,2024-03-07,low,valid,valid
DDS-26-00760,Stonehouse Marketing Ltd,"Dublin, Ireland",IE1234567,Connolly Pet Foods,soy,2309,Complete dog food (soy),17816.3,196217.60145606092,AR,-34.38954790590326,-63.16741551647086,2026-03-13,DDS-UP-6799,1,2026-05-17,standard,valid,valid
DDS-25-00761,Stonehouse Marketing Ltd,"Dublin, Ireland",IE1234567,Atlantic Mills,soy,1507,Soybean oil blend,21519.1,212531.70135089863,AR,-33.34459957000492,-62.72856413243659,2025-02-14,,1,2025-03-27,standard,flagged: missing_prior,missing_prior
DDS-26-00762,Stonehouse Marketing Ltd,"Dublin, Ireland",IE1234567,Western Hygiene Supplies,wood,4401,Firelogs 700g,18713.5,150908.80962514874,IE,52.52011022146493,-8.91909917521969,2025-12-02,DDS-UP-9074,1,2026-02-24,low,valid,valid
DDS-26-00763,Stonehouse Marketing Ltd,"Dublin, Ireland",IE1234567,Atlantic Mills,cattle,2309,Beef pet food complete,22258.0,299711.0577007194,BR,,,2026-04-22,DDS-UP-7643,1,2026-05-22,standard,flagged: missing_geo,missing_geo
DDS-26-00764,Stonehouse Marketing Ltd,"Dublin, Ireland",IE1234567,Millbrook Oils,cattle,2309,Beef pet food complete,17259.9,207932.31104767203,IE,54.049003857636315,-8.46732125891249,2026-03-27,DDS-UP-8350,1,2026-07-02,low,valid,valid
DDS-25-00765,Stonehouse Marketing Ltd,"Dublin, Ireland",IE1234567,Western Hygiene Supplies,soy,2309,Complete dog food (soy),10856.7,108868.2905355743,BR,-10.898847188664773,-56.100043598256605,2025-04-15,DDS-UP-7115,1,2025-08-09,standard,valid,valid
DDS-25-00766,Stonehouse Marketing Ltd,"Dublin, Ireland",IE1234567,Longford Fuels,wood,4818,Toilet tissue rolls,6986.4,68668.75828048856,IE,54.099241733352976,-8.846403797937974,2025-02-22,DDS-UP-7449,1,2025-06-14,low,valid,valid
DDS-26-00767,Stonehouse Marketing Ltd,"Dublin, Ireland",IE1234567,Western Hygiene Supplies,wood,4401,Firelogs 700g,9215.7,79651.15069813289,SE,61.406243154325864,16.177481724718557,2026-07-07,DDS-UP-6382,1,2026-09-19,low,valid,valid
DDS-25-00768,Stonehouse Marketing Ltd,"Dublin, Ireland",IE1234567,Western Hygiene Supplies,soy,2309,Complete dog food (soy),13462.9,181461.78001898143,BR,-10.936403028468852,-56.195986663606675,2025-11-16,,1,2025-12-16,standard,flagged: missing_prior,missing_prior
DDS-25-00769,Stonehouse Marketing Ltd,"Dublin, Ireland",IE1234567,Connolly Pet Foods,wood,4818,Toilet tissue rolls,22358.7,237705.0079057467,IE,52.47828569868278,-8.013923521914123,2025-03-20,DDS-UP-5415,1,2025-06-14,low,valid,valid
DDS-26-00770,Stonehouse Marketing Ltd,"Dublin, Ireland",IE1234567,Killeen Paper Mills,wood,4818,Toilet tissue rolls,3211.3,40024.17859547999,IE,53.10188046408765,-8.122289761522943,2026-08-31,DDS-UP-3190,1,2026-10-04,low,valid,valid
DDS-25-00771,Stonehouse Marketing Ltd,"Dublin, Ireland",IE1234567,Connolly Pet Foods,wood,4818,Toilet tissue rolls,12482.2,157105.41607753315,IE,53.23788495569748,-7.204271313929661,2025-02-17,DDS-UP-3087,1,2025-05-09,low,valid,valid
DDS-24-00772,Stonehouse Marketing Ltd,"Dublin, Ireland",IE1234567,Western Hygiene Supplies,wood,4401,Firelogs 700g,19921.5,251096.755861358,SE,61.129188740826535,14.666545520680048,2024-08-18,DDS-UP-6638,1,2024-10-17,low,valid,valid
DDS-24-00773,Stonehouse Marketing Ltd,"Dublin, Ireland",IE1234567,Connolly Pet Foods,wood,4818,Toilet tissue rolls,7591.9,67681.59376438329,SE,59.888995153675346,15.291260467561294,2023-11-27,DDS-UP-8027,1,2024-03-01,low,valid,valid
DDS-26-00774,Stonehouse Marketing Ltd,"Dublin, Ireland",IE1234567,Atlantic Mills,wood,4818,Toilet tissue rolls,20604.9,226942.44405042814,IE,52.1450599729456,-8.40940780652485,2026-04-11,DDS-UP-2688,1,2026-06-03,low,valid,valid
DDS-24-00775,Stonehouse Marketing Ltd,"Dublin, Ireland",IE1234567,Connolly Pet Foods,wood,4818,Toilet tissue rolls,1440.0,15203.257721607342,SE,60.48672372626835,13.946178299845402,2024-07-18,,1,2024-11-03,low,flagged: missing_prior,missing_prior
DDS-26-00776,Stonehouse Marketing Ltd,"Dublin, Ireland",IE1234567,Killeen Paper Mills,wood,4818,Toilet tissue rolls,5933.5,70390.52820902308,SE,59.74105794744113,15.074913545842005,2026-03-27,DDS-UP-2005,1,2026-06-03,low,valid,valid
DDS-25-00777,Stonehouse Marketing Ltd,"Dublin, Ireland",IE1234567,Western Hygiene Supplies,wood,4818,Toilet tissue rolls,4952.9,53651.541288217944,IE,54.62899624148811,-7.065243202043902,2025-01-01,DDS-UP-6269,1,2025-04-18,low,valid,valid
DDS-25-00778,Stonehouse Marketing Ltd,"Dublin, Ireland",IE1234567,Western Hygiene Supplies,wood,4818,Toilet tissue rolls,16889.2,210232.58348650546,IE,54.64498455728485,-8.109256271996749,2025-04-05,DDS-UP-3134,1,2025-06-20,low,valid,valid
DDS-25-00779,Stonehouse Marketing Ltd,"Dublin, Ireland",IE1234567,Millbrook Oils,cattle,2309,Beef pet food complete,9909.2,123424.28456941714,IE,53.6141414233653,-8.485243340203576,2025-04-05,,1,2025-05-20,low,valid,valid
DDS-25-00780,Stonehouse Marketing Ltd,"Dublin, Ireland",IE1234567,Connolly Pet Foods,wood,4818,Toilet tissue rolls,23174.8,227318.33400182083,BR,-9.34787587849002,-54.04777254483625,2024-11-13,DDS-UP-9955,1,2025-02-11,standard,valid,valid
DDS-25-00781,Stonehouse Marketing Ltd,"Dublin, Ireland",IE1234567,Millbrook Oils,soy,1507,Soybean oil blend,17934.3,234518.38000578535,BR,-9.83769160165625,-56.368566681567614,2024-11-01,,1,2025-02-10,standard,flagged: missing_prior,missing_prior
DDS-26-00782,Stonehouse Marketing Ltd,"Dublin, Ireland",IE1234567,Western Hygiene Supplies,soy,1507,Soybean oil blend,12329.1,110981.75931732618,US,38.845446660292104,-94.34802237635637,2026-08-28,DDS-UP-9255,1,2026-11-01,low,valid,valid
DDS-26-00783,Stonehouse Marketing Ltd,"Dublin, Ireland",IE1234567,Atlantic Mills,cattle,2309,Beef pet food complete,5159.7,57761.90819670968,IE,51.936335677410725,-7.50147569490686,2026-05-08,,1,2026-08-11,low,valid,valid
DDS-26-00784,Stonehouse Marketing Ltd,"Dublin, Ireland",IE1234567,Connolly Pet Foods,soy,1507,Soybean oil blend,15376.9,143110.44536556714,BR,-9.747816625775135,-55.34754874045032,2026-04-03,DDS-UP-1058,1,2026-07-31,standard,valid,valid
DDS-26-00785,Stonehouse Marketing Ltd,"Dublin, Ireland",IE1234567,Longford Fuels,wood,4818,Toilet tissue rolls,7933.5,71612.96412078489,SE,60.13838702564182,15.011453294182285,2026-05-14,DDS-UP-5399,1,2026-06-18,low,valid,valid
DDS-25-00786,Stonehouse Marketing Ltd,"Dublin, Ireland",IE1234567,Killeen Paper Mills,wood,4401,Firelogs 700g,7125.7,67651.74101129943,IE,53.718846029374134,-6.3738619979410815,2025-03-27,,1,2025-05-22,low,valid,valid
DDS-25-00787,Stonehouse Marketing Ltd,"Dublin, Ireland",IE1234567,Western Hygiene Supplies,wood,4401,Firelogs 700g,23687.5,208489.54867318817,IE,52.842385696605206,-7.384521392608763,2025-05-09,,1,2025-08-25,low,valid,valid
DDS-25-00788,Stonehouse Marketing Ltd,"Dublin, Ireland",IE1234567,Atlantic Mills,wood,4818,Toilet tissue rolls,24148.1,334996.3120206958,BR,-10.122134086133789,-56.46877542531643,2025-04-29,DDS-UP-1256,1,2025-08-11,standard,valid,valid
DDS-26-00789,Stonehouse Marketing Ltd,"Dublin, Ireland",IE1234567,Atlantic Mills,wood,4818,Toilet tissue rolls,15306.4,147136.7651980844,IE,52.945942932642765,-7.238525843828652,2026-06-22,DDS-UP-8244,1,2026-10-04,low,valid,valid
DDS-26-00790,Stonehouse Marketing Ltd,"Dublin, Ireland",IE1234567,Connolly Pet Foods,wood,4401,Firelogs 700g,9531.7,102526.21242025486,SE,,,2026-05-04,,1,2026-06-25,low,flagged: missing_geo,missing_geo
DDS-24-00791,Stonehouse Marketing Ltd,"Dublin, Ireland",IE1234567,Killeen Paper Mills,wood,4818,Toilet tissue rolls,22188.7,202518.21978710726,IE,53.98843997673109,-7.257307184888924,2024-02-29,,1,2024-04-17,low,valid,valid
DDS-24-00792,Stonehouse Marketing Ltd,"Dublin, Ireland",IE1234567,Millbrook Oils,wood,4818,Toilet tissue rolls,3863.6,39668.55010802682,IE,,,2024-08-31,,1,2024-10-02,low,flagged: missing_geo,missing_geo
DDS-24-00793,Stonehouse Marketing Ltd,"Dublin, Ireland",IE1234567,Western Hygiene Supplies,wood,4818,Toilet tissue rolls,7057.6,90015.47183334475,IE,54.29155139873509,-6.395966794109195,2024-10-21,,1,2024-11-21,low,valid,valid
DDS-26-00794,Stonehouse Marketing Ltd,"Dublin, Ireland",IE1234567,Killeen Paper Mills,soy,1507,Soybean oil blend,3911.1,50424.98915060047,BR,-9.791605469176426,-55.48483024866759,2026-03-31,,1,2026-06-08,standard,flagged: missing_prior,missing_prior
DDS-26-00795,Stonehouse Marketing Ltd,"Dublin, Ireland",IE1234567,Western Hygiene Supplies,wood,4818,Toilet tissue rolls,1019.6,11286.211885730838,IE,51.96762651972904,-7.123876406234727,2026-01-14,DDS-UP-9923,1,2026-04-07,low,valid,valid
DDS-24-00796,Stonehouse Marketing Ltd,"Dublin, Ireland",IE1234567,Atlantic Mills,wood,4818,Toilet tissue rolls,7527.7,91240.22353115554,SE,58.67200260967035,14.781406299443164,2024-10-30,,1,2024-12-13,low,flagged: missing_prior,missing_prior
DDS-25-00797,Stonehouse Marketing Ltd,"Dublin, Ireland",IE1234567,Western Hygiene Supplies,wood,4401,Firelogs 700g,15584.6,181202.74096380526,BR,-11.32643262814575,-53.630600535366334,2025-04-05,DDS-UP-2389,1,2025-05-27,standard,valid,valid
DDS-26-00798,Stonehouse Marketing Ltd,"Dublin, Ireland",IE1234567,Atlantic Mills,wood,4818,Toilet tissue rolls,7888.3,68025.03411427133,IE,52.34409646271392,-7.924266354362219,2026-07-19,,1,2026-10-20,low,valid,valid
DDS-24-00799,Stonehouse Marketing Ltd,"Dublin, Ireland",IE1234567,Western Hygiene Supplies,cattle,2309,Beef pet food complete,21612.0,191904.50019914086,BR,-9.567841755442664,-54.3660799533423,2024-07-04,,1,2024-08-21,standard,flagged: missing_prior,missing_prior
DDS-24-00800,Stonehouse Marketing Ltd,"Dublin, Ireland",IE1234567,Millbrook Oils,wood,4818,Toilet tissue rolls,10972.6,109049.21521768117,IE,54.1566382820086,-7.7647039603892765,2024-06-19,,1,2024-08-04,low,valid,valid
DDS-26-00801,Stonehouse Marketing Ltd,"Dublin, Ireland",IE1234567,Connolly Pet Foods,wood,4818,Toilet tissue rolls,15242.7,181749.7681376717,IE,52.757947339733086,-7.928503790170955,2026-03-29,DDS-UP-3264,1,2026-05-29,low,valid,valid
DDS-26-00802,Stonehouse Marketing Ltd,"Dublin, Ireland",IE1234567,Killeen Paper Mills,wood,4818,Toilet tissue rolls,9923.4,125625.83153015378,IE,53.416241720328564,-7.722195781786566,2025-11-26,DDS-UP-7911,1,2026-01-23,low,valid,valid
DDS-24-00803,Stonehouse Marketing Ltd,"Dublin, Ireland",IE1234567,Millbrook Oils,cattle,23x9,Beef pet food complete,12111.2,123112.17941665347,IE,51.808598317279206,-6.2182840634004375,2024-02-18,DDS-UP-2804,1,2024-04-05,low,flagged: invalid_hs,invalid_hs
DDS-26-00804,Stonehouse Marketing Ltd,"Dublin, Ireland",IE1234567,Killeen Paper Mills,wood,4818,Toilet tissue rolls,5663.1,68946.45534963513,IE,54.35993661772088,-6.284541195675542,2026-09-15,DDS-UP-3257,1,2026-11-02,low,valid,valid
DDS-26-00805,Stonehouse Marketing Ltd,"Dublin, Ireland",IE1234567,Atlantic Mills,wood,48x8,Toilet tissue rolls,14749.4,130497.74949921534,IE,54.694739577726466,-8.084947306199,2026-04-04,DDS-UP-3591,1,2026-06-04,low,flagged: invalid_hs,invalid_hs
DDS-25-00806,Stonehouse Marketing Ltd,"Dublin, Ireland",IE1234567,Atlantic Mills,wood,4818,Toilet tissue rolls,3932.8,48512.442941511224,IE,54.241133776675795,-8.750848325369857,2024-11-04,DDS-UP-5907,1,2025-01-29,low,valid,valid
DDS-26-00807,Stonehouse Marketing Ltd,"Dublin, Ireland",IE1234567,Western Hygiene Supplies,cattle,23x9,Beef pet food complete,15302.3,184842.9280172832,IE,52.66030721168071,-8.732337992042286,2026-07-15,DDS-UP-3627,1,2026-10-11,low,flagged: invalid_hs,invalid_hs
DDS-26-00808,Stonehouse Marketing Ltd,"Dublin, Ireland",IE1234567,Connolly Pet Foods,wood,4401,Firelogs 700g,23320.5,323398.3793955892,SE,61.35745069024112,15.005617312476797,2026-04-25,DDS-UP-2506,1,2026-06-10,low,valid,valid
DDS-26-00809,Stonehouse Marketing Ltd,"Dublin, Ireland",IE1234567,Millbrook Oils,cattle,2309,Beef pet food complete,15324.5,182609.80249938322,IE,51.967990465884796,-8.023127124077966,2026-06-11,DDS-UP-8674,1,2026-08-31,low,valid,valid
DDS-25-00810,Stonehouse Marketing Ltd,"Dublin, Ireland",IE1234567,Western Hygiene Supplies,soy,23x9,Complete dog food (soy),3057.8,27448.53256757586,BR,-9.589982218187792,-54.560058412904546,2025-01-02,DDS-UP-6496,1,2025-02-14,standard,flagged: invalid_hs,invalid_hs
DDS-26-00811,Stonehouse Marketing Ltd,"Dublin, Ireland",IE1234567,Atlantic Mills,wood,4818,Toilet tissue rolls,23265.4,264964.5426622908,IE,54.069564321108615,-8.272639662301307,2025-10-26,DDS-UP-2393,1,2026-02-05,low,valid,valid
DDS-25-00812,Stonehouse Marketing Ltd,"Dublin, Ireland",IE1234567,Longford Fuels,soy,1507,Soybean oil blend,18916.1,187020.353018191,BR,-11.855853297235512,-56.220367194484716,2025-04-05,,1,2025-06-24,standard,flagged: missing_prior,missing_prior
DDS-25-00813,Stonehouse Marketing Ltd,"Dublin, Ireland",IE1234567,Atlantic Mills,cattle,23x9,Beef pet food complete,12837.7,139439.4797875892,BR,-9.892029568373715,-56.2078604922149,2025-08-27,DDS-UP-3460,1,2025-09-30,standard,flagged: invalid_hs,invalid_hs
DDS-24-00814,Stonehouse Marketing Ltd,"Dublin, Ireland",IE1234567,Atlantic Mills,wood,4818,Toilet tissue rolls,6173.5,55353.34290732552,IE,53.18931866911246,-6.544388381556733,2024-06-18,DDS-UP-3307,1,2024-09-20,low,valid,valid
DDS-25-00815,Stonehouse Marketing Ltd,"Dublin, Ireland",IE1234567,Killeen Paper Mills,wood,4401,Firelogs 700g,8806.0,111352.31034270154,IE,53.75418474502758,-6.4093183896995445,2025-05-10,DDS-UP-8059,1,2025-07-28,low,valid,valid
DDS-26-00816,Stonehouse Marketing Ltd,"Dublin, Ireland",IE1234567,Connolly Pet Foods,wood,4818,Toilet tissue rolls,2886.4,39871.81377705185,BR,-10.17936886679385,-53.6259530450612,2026-01-07,DDS-UP-6071,1,2026-02-17,standard,valid,valid
DDS-24-00817,Stonehouse Marketing Ltd,"Dublin, Ireland",IE1234567,Millbrook Oils,wood,4401,Firelogs 700g,9401.5,101201.947492036,IE,52.309152917580064,-8.313175463047493,2024-05-08,DDS-UP-3935,1,2024-08-06,low,valid,valid
DDS-26-00818,Stonehouse Marketing Ltd,"Dublin, Ireland",IE1234567,Millbrook Oils,soy,1507,Soybean oil blend,12462.3,163779.61831302263,AR,-34.1738638359988,-62.727517683645026,2026-07-26,DDS-UP-5696,1,2026-11-20,standard,valid,valid
DDS-25-00819,Stonehouse Marketing Ltd,"Dublin, Ireland",IE1234567,Atlantic Mills,wood,4818,Toilet tissue rolls,10623.3,126026.34012139369,IE,54.334506930961425,-6.343865123831211,2025-06-29,DDS-UP-1699,1,2025-08-29,low,valid,valid
DDS-25-00820,Stonehouse Marketing Ltd,"Dublin, Ireland",IE1234567,Millbrook Oils,cattle,2309,Beef pet food complete,10282.4,123542.04241935475,IE,52.26368670135125,-8.884105978369849,2025-06-18,DDS-UP-7360,1,2025-08-31,low,valid,valid
DDS-24-00821,Stonehouse Marketing Ltd,"Dublin, Ireland",IE1234567,Atlantic Mills,wood,4401,Firelogs 700g,3154.5,33433.55617369255,IE,54.50037954639546,-7.805441009049437,2024-06-18,,1,2024-09-07,low,valid,valid
DDS-26-00822,Stonehouse Marketing Ltd,"Dublin, Ireland",IE1234567,Connolly Pet Foods,wood,4818,Toilet tissue rolls,3301.0,35716.17719949816,IE,54.789314696290404,-7.741114951387752,2026-02-13,DDS-UP-9930,1,2026-06-04,low,valid,valid
DDS-24-00823,Stonehouse Marketing Ltd,"Dublin, Ireland",IE1234567,Longford Fuels,wood,4818,Toilet tissue rolls,19844.2,183935.04296616203,IE,54.763432228589295,-6.877383429252696,2024-06-24,,1,2024-07-26,low,valid,valid
DDS-24-00824,Stonehouse Marketing Ltd,"Dublin, Ireland",IE1234567,Western Hygiene Supplies,soy,1507,Soybean oil blend,7210.7,80389.69788158295,AR,-34.69045566949089,-63.59293812119725,2024-05-12,DDS-UP-8396,1,2024-09-04,standard,valid,valid
DDS-25-00825,Stonehouse Marketing Ltd,"Dublin, Ireland",IE1234567,Longford Fuels,soy,2309,Complete dog food (soy),4531.1,50807.39532707303,BR,-11.838773151656063,-53.815130235963125,2025-08-31,DDS-UP-7866,1,2025-10-20,standard,valid,valid
DDS-26-00826,Stonehouse Marketing Ltd,"Dublin, Ireland",IE1234567,Millbrook Oils,soy,1507,Soybean oil blend,19685.3,225808.81963016978,BR,-9.262206546375868,-54.7890493931814,2026-07-15,DDS-UP-2274,1,2026-09-01,standard,valid,valid
DDS-26-00827,Stonehouse Marketing Ltd,"Dublin, Ireland",IE1234567,Longford Fuels,wood,4818,Toilet tissue rolls,847.6,9320.780890919947,BR,-9.18309282360174,-54.27149095776897,2026-04-21,,1,2026-06-30,standard,flagged: missing_prior,missing_prior
DDS-24-00828,Stonehouse Marketing Ltd,"Dublin, Ireland",IE1234567,Connolly Pet Foods,wood,4818,Toilet tissue rolls,23611.4,279405.4634668343,BR,-10.780840085533201,-54.937924905368256,2023-10-26,,1,2024-02-07,standard,flagged: missing_prior,missing_prior
DDS-26-00829,Stonehouse Marketing Ltd,"Dublin, Ireland",IE1234567,Killeen Paper Mills,wood,4818,Toilet tissue rolls,15223.1,210542.58265939422,IE,54.73709596665927,-7.939471673299833,2025-10-20,DDS-UP-4436,1,2026-01-31,low,valid,valid
DDS-25-00830,Stonehouse Marketing Ltd,"Dublin, Ireland",IE1234567,Western Hygiene Supplies,soy,1507,Soybean oil blend,17633.3,178279.25556861068,BR,-10.908616639311807,-55.59416658662286,2025-03-16,DDS-UP-8471,1,2025-06-23,standard,valid,valid
DDS-25-00831,Stonehouse Marketing Ltd,"Dublin, Ireland",IE1234567,Longford Fuels,wood,4818,Toilet tissue rolls,4833.9,46937.979208436074,BR,-10.992520158438833,-53.72095342332541,2025-07-26,DDS-UP-9892,1,2025-11-17,standard,valid,valid
DDS-26-00832,Stonehouse Marketing Ltd,"Dublin, Ireland",IE1234567,Western Hygiene Supplies,cattle,2309,Beef pet food complete,24886.4,296092.10381618724,IE,52.6497450881174,-7.338870531218465,2026-07-26,,1,2026-11-11,low,valid,valid
DDS-26-00833,Stonehouse Marketing Ltd,"Dublin, Ireland",IE1234567,Atlantic Mills,soy,2309,Complete dog food (soy),11380.5,149200.99001308248,BR,-9.750168962365535,-54.62852292670543,2025-12-04,DDS-UP-1534,1,2026-01-30,standard,valid,valid
DDS-25-00834,Stonehouse Marketing Ltd,"Dublin, Ireland",IE1234567,Western Hygiene Supplies,wood,4818,Toilet tissue rolls,9090.0,122241.96923319694,IE,52.94323949324714,-8.613319285444708,2025-08-06,,1,2025-11-26,low,valid,valid
DDS-25-00835,Stonehouse Marketing Ltd,"Dublin, Ireland",IE1234567,Longford Fuels,cattle,2309,Beef pet food complete,7056.4,90116.07956412957,IE,51.82281540497281,-8.07606859693983,2024-12-29,DDS-UP-6036,1,2025-03-22,low,valid,valid
DDS-24-00836,Stonehouse Marketing Ltd,"Dublin, Ireland",IE1234567,Longford Fuels,cattle,2309,Beef pet food complete,21098.9,290214.60060690163,IE,54.52717715236298,-9.101976167808546,2024-02-08,DDS-UP-6201,1,2024-05-03,low,valid,valid
DDS-26-00837,Stonehouse Marketing Ltd,"Dublin, Ireland",IE1234567,Millbrook Oils,wood,4818,Toilet tissue rolls,11013.0,136216.23140994378,BR,-11.42201878988144,-54.56669692561065,2026-06-16,,1,2026-09-05,standard,flagged: missing_prior,missing_prior
DDS-26-00838,Stonehouse Marketing Ltd,"Dublin, Ireland",IE1234567,Millbrook Oils,soy,2309,Complete dog food (soy),3400.1,39998.47137653174,AR,-34.187795238994745,-65.20126622818354,2026-06-14,DDS-UP-7422,1,2026-08-16,standard,valid,valid
DDS-24-00839,Stonehouse Marketing Ltd,"Dublin, Ireland",IE1234567,Western Hygiene Supplies,soy,2309,Complete dog food (soy),15907.9,179155.32529254956,BR,-11.03278610399896,-56.220236724020566,2024-03-22,DDS-UP-1455,1,2024-05-01,standard,valid,valid
DDS-26-00840,Stonehouse Marketing Ltd,"Dublin, Ireland",IE1234567,Longford Fuels,wood,4401,Firelogs 700g,5070.6,56854.11934345456,IE,54.002507491347515,-6.24975742577673,2026-02-11,DDS-UP-4633,1,2026-04-13,low,valid,valid
DDS-24-00841,Stonehouse Marketing Ltd,"Dublin, Ireland",IE1234567,Western Hygiene Supplies,cattle,2309,Beef pet food complete,23406.9,317472.3292088378,IE,52.934320872360274,-8.418560829924248,2024-05-20,DDS-UP-2694,1,2024-07-04,low,valid,valid
DDS-25-00842,Stonehouse Marketing Ltd,"Dublin, Ireland",IE1234567,Longford Fuels,wood,4818,Toilet tissue rolls,22861.6,185904.6285739992,IE,54.48381436572882,-8.92166857695472,2025-11-09,DDS-UP-2649,1,2025-12-18,low,valid,valid
DDS-26-00843,Stonehouse Marketing Ltd,"Dublin, Ireland",IE1234567,Atlantic Mills,wood,4401,Firelogs 700g,22753.4,183411.55666924303,IE,52.430887918636266,-7.940278645412899,2026-08-26,,1,2026-10-17,low,valid,valid
DDS-25-00844,Stonehouse Marketing Ltd,"Dublin, Ireland",IE1234567,Longford Fuels,cattle,2309,Beef pet food complete,12355.8,153831.94607927636,IE,54.36442678044998,-8.848378581346962,2025-06-15,DDS-UP-9953,1,2025-07-30,low,valid,valid
DDS-24-00845,Stonehouse Marketing Ltd,"Dublin, Ireland",IE1234567,Longford Fuels,wood,4818,Toilet tissue rolls,3312.3,28156.724732941664,IE,51.869114525273325,-7.664765837171056,2024-08-24,DDS-UP-6366,1,2024-12-20,low,valid,valid
DDS-25-00846,Stonehouse Marketing Ltd,"Dublin, Ireland",IE1234567,Millbrook Oils,soy,2309,Complete dog food (soy),16472.2,225307.971365538,BR,-10.555275383608695,-53.64031191709705,2025-06-11,DDS-UP-9123,1,2025-08-04,standard,valid,valid
DDS-26-00847,Stonehouse Marketing Ltd,"Dublin, Ireland",IE1234567,Western Hygiene Supplies,wood,4818,Toilet tissue rolls,14799.4,188908.3791638935,IE,54.33810733304876,-7.047811595773338,2026-09-04,,1,2026-12-05,low,valid,valid
DDS-25-00848,Stonehouse Marketing Ltd,"Dublin, Ireland",IE1234567,Western Hygiene Supplies,wood,4818,Toilet tissue rolls,15378.7,181410.07953451024,IE,53.58898935199706,-8.384978228452232,2025-05-28,DDS-UP-6782,1,2025-07-05,low,valid,valid
DDS-25-00849,Stonehouse Marketing Ltd,"Dublin, Ireland",IE1234567,Millbrook Oils,wood,4818,Toilet tissue rolls,20753.8,169758.60645152128,SE,61.474292318031715,14.25919098228669,2025-08-11,DDS-UP-9691,1,2025-10-03,low,valid,valid
DDS-25-00850,Stonehouse Marketing Ltd,"Dublin, Ireland",IE1234567,Longford Fuels,soy,2309,Complete dog food (soy),9613.1,95280.5756357323,BR,-11.442255325069773,-55.76404556469678,2025-02-08,,1,2025-03-11,standard,flagged: missing_prior,missing_prior
DDS-25-00851,Stonehouse Marketing Ltd,"Dublin, Ireland",IE1234567,Western Hygiene Supplies,cattle,2309,Beef pet food complete,9947.0,113055.13716106479,IE,53.5024077578315,-8.23531628328389,2024-12-15,DDS-UP-9638,1,2025-04-01,low,valid,valid
DDS-26-00852,Stonehouse Marketing Ltd,"Dublin, Ireland",IE1234567,Atlantic Mills,soy,2309,Complete dog food (soy),19026.9,157884.4257200482,US,39.51403489876145,-94.77815480770177,2026-01-19,DDS-UP-6244,1,2026-04-22,low,valid,valid
DDS-25-00853,Stonehouse Marketing Ltd,"Dublin, Ireland",IE1234567,Longford Fuels,wood,4401,Firelogs 700g,14983.7,177736.64417133853,BR,-10.73628826172816,-56.127721962643,2024-10-03,DDS-UP-1348,1,2025-01-14,standard,valid,valid
DDS-25-00854,Stonehouse Marketing Ltd,"Dublin, Ireland",IE1234567,Millbrook Oils,soy,1507,Soybean oil blend,22991.8,298412.90141447296,US,,,2025-07-05,DDS-UP-1266,1,2025-09-26,low,flagged: missing_geo,missing_geo
DDS-26-00855,Stonehouse Marketing Ltd,"Dublin, Ireland",IE1234567,Longford Fuels,cattle,2309,Beef pet food complete,12598.6,135151.36114763696,IE,54.06107683805729,-7.998966972237069,2025-10-20,DDS-UP-5889,1,2026-02-09,low,valid,valid
DDS-24-00856,Stonehouse Marketing Ltd,"Dublin, Ireland",IE1234567,Western Hygiene Supplies,soy,1507,Soybean oil blend,20723.7,255844.85610284295,BR,-10.878281751177376,-54.646068995384645,2024-03-14,DDS-UP-6289,1,2024-05-11,standard,valid,valid
DDS-26-00857,Stonehouse Marketing Ltd,"Dublin, Ireland",IE1234567,Western Hygiene Supplies,wood,4818,Toilet tissue rolls,23385.7,297224.39437666535,IE,54.506829454279284,-8.093361401196995,2026-09-12,,1,2026-10-26,low,valid,valid
DDS-26-00858,Stonehouse Marketing Ltd,"Dublin, Ireland",IE1234567,Connolly Pet Foods,wood,4818,Toilet tissue rolls,7112.8,62019.40890513061,IE,52.59118139287819,-7.136235212994726,2026-05-31,DDS-UP-3257,1,2026-08-09,low,valid,valid
DDS-25-00859,Stonehouse Marketing Ltd,"Dublin, Ireland",IE1234567,Connolly Pet Foods,soy,2309,Complete dog food (soy),16871.8,201915.1874062568,AR,-32.83660476244643,-62.6024912097571,2025-08-02,DDS-UP-4940,1,2025-10-06,standard,valid,valid
DDS-25-00860,Stonehouse Marketing Ltd,"Dublin, Ireland",IE1234567,Western Hygiene Supplies,wood,4818,Toilet tissue rolls,9148.7,108712.22390040378,IE,52.47749155517964,-8.408563899259224,2025-04-16,,1,2025-06-11,low,valid,valid
DDS-26-00861,Stonehouse Marketing Ltd,"Dublin, Ireland",IE1234567,Connolly Pet Foods,cattle,2309,Beef pet food complete,20553.5,264810.7289286174,IE,53.28381725088358,-8.562573586110888,2026-02-03,DDS-UP-2712,1,2026-05-11,low,valid,valid
DDS-26-00862,Stonehouse Marketing Ltd,"Dublin, Ireland",IE1234567,Millbrook Oils,wood,4401,Firelogs 700g,3088.7,33094.15834328631,IE,54.633144075687795,-7.074462914749489,2026-01-10,DDS-UP-6957,1,2026-04-29,low,valid,valid
DDS-25-00863,Stonehouse Marketing Ltd,"Dublin, Ireland",IE1234567,Longford Fuels,wood,4401,Firelogs 700g,23811.6,315674.6057898031,IE,52.36386041794656,-8.366484696646914,2024-11-22,DDS-UP-2672,1,2025-01-05,low,valid,valid
DDS-26-00864,Stonehouse Marketing Ltd,"Dublin, Ireland",IE1234567,Connolly Pet Foods,wood,4818,Toilet tissue rolls,9122.9,84591.14287318401,SE,59.161089298131095,13.58575874886454,2026-02-13,DDS-UP-2377,1,2026-05-04,low,valid,valid
DDS-24-00865,Stonehouse Marketing Ltd,"Dublin, Ireland",IE1234567,Atlantic Mills,wood,4401,Firelogs 700g,9871.8,90195.65336245428,IE,51.95947121623174,-8.38223339982821,2024-08-07,,1,2024-09-28,low,valid,valid
DDS-26-00866,Stonehouse Marketing Ltd,"Dublin, Ireland",IE1234567,Atlantic Mills,wood,4401,Firelogs 700g,6599.1,75568.82169686422,IE,,,2026-03-20,DDS-UP-2887,1,2026-05-19,low,flagged: missing_geo,missing_geo
DDS-26-00867,Stonehouse Marketing Ltd,"Dublin, Ireland",IE1234567,Connolly Pet Foods,wood,4818,Toilet tissue rolls,10125.7,91396.33730684858,IE,52.479395047186316,-7.339337777357274,2026-04-19,DDS-UP-5395,1,2026-06-14,low,valid,valid
DDS-24-00868,Stonehouse Marketing Ltd,"Dublin, Ireland",IE1234567,Millbrook Oils,wood,4818,Toilet tissue rolls,22740.7,275790.4663030673,IE,53.58894019025516,-6.998353187670405,2024-08-02,DDS-UP-6002,1,2024-09-22,low,valid,valid
DDS-24-00869,Stonehouse Marketing Ltd,"Dublin, Ireland",IE1234567,Western Hygiene Supplies,wood,4818,Toilet tissue rolls,16817.8,161164.8618541127,IE,52.36203323600043,-6.500392334419124,2024-10-27,DDS-UP-1341,1,2024-12-05,low,valid,valid
DDS-25-00870,Stonehouse Marketing Ltd,"Dublin, Ireland",IE1234567,Western Hygiene Supplies,wood,4818,Toilet tissue rolls,12463.5,142128.77334139898,IE,,,2025-09-24,DDS-UP-2792,1,2025-11-30,low,flagged: missing_geo,missing_geo
DDS-24-00871,Stonehouse Marketing Ltd,"Dublin, Ireland",IE1234567,Longford Fuels,soy,2309,Complete dog food (soy),20195.4,281498.80766365235,AR,-34.99808578740822,-65.06025112177603,2024-07-21,DDS-UP-9039,1,2024-09-21,standard,valid,valid
DDS-25-00872,Stonehouse Marketing Ltd,"Dublin, Ireland",IE1234567,Longford Fuels,cattle,2309,Beef pet food complete,22338.6,299627.66333645635,IE,53.17625228643926,-6.716751564607925,2025-03-02,,1,2025-06-16,low,valid,valid
DDS-24-00873,Stonehouse Marketing Ltd,"Dublin, Ireland",IE1234567,Connolly Pet Foods,wood,4401,Firelogs 700g,21478.5,175810.71635395975,IE,53.35792670089488,-7.280599069132046,2024-09-01,DDS-UP-3320,1,2024-12-13,low,valid,valid
DDS-25-00874,Stonehouse Marketing Ltd,"Dublin, Ireland",IE1234567,Connolly Pet Foods,cattle,2309,Beef pet food complete,16149.0,194963.79503300137,BR,-10.92174021438567,-54.26690464267267,2024-11-18,,1,2025-02-13,standard,flagged: missing_prior,missing_prior
DDS-25-00875,Stonehouse Marketing Ltd,"Dublin, Ireland",IE1234567,Longford Fuels,soy,1507,Soybean oil blend,10080.1,83126.55128955039,US,38.02485674467629,-93.76901799412668,2025-05-01,DDS-UP-5526,1,2025-08-05,low,valid,valid
DDS-26-00876,Stonehouse Marketing Ltd,"Dublin, Ireland",IE1234567,Longford Fuels,cattle,2309,Beef pet food complete,7566.0,91648.17006974788,IE,52.16888379082366,-6.814001286289968,2025-11-20,,1,2026-02-17,low,valid,valid
DDS-25-00877,Stonehouse Marketing Ltd,"Dublin, Ireland",IE1234567,Connolly Pet Foods,cattle,2309,Beef pet food complete,7562.4,70360.2051870118,IE,,,2024-09-20,,1,2025-01-03,low,flagged: missing_geo,missing_geo
DDS-26-00878,Stonehouse Marketing Ltd,"Dublin, Ireland",IE1234567,Western Hygiene Supplies,wood,4818,Toilet tissue rolls,6660.1,73340.75092378128,IE,51.81527074196166,-8.14323343797952,2026-05-31,DDS-UP-5641,1,2026-09-09,low,valid,valid
DDS-25-00879,Stonehouse Marketing Ltd,"Dublin, Ireland",IE1234567,Millbrook Oils,wood,4818,Toilet tissue rolls,22997.4,232912.91656958652,IE,52.61200668534586,-6.212257231778209,2024-10-23,DDS-UP-1526,1,2025-02-16,low,valid,valid
DDS-25-00880,Stonehouse Marketing Ltd,"Dublin, Ireland",IE1234567,Longford Fuels,wood,4401,Firelogs 700g,15127.5,150289.8883268578,IE,54.70072044515973,-8.905583910054707,2025-01-20,DDS-UP-8140,1,2025-05-04,low,valid,valid
DDS-25-00881,Stonehouse Marketing Ltd,"Dublin, Ireland",IE1234567,Longford Fuels,wood,4818,Toilet tissue rolls,2597.1,26635.326915880403,IE,52.550061336212394,-7.951063088604426,2024-11-27,DDS-UP-8555,1,2025-02-20,low,valid,valid
DDS-26-00882,Stonehouse Marketing Ltd,"Dublin, Ireland",IE1234567,Longford Fuels,wood,4818,Toilet tissue rolls,11975.3,128946.4844183173,IE,53.88240016504959,-7.6885544791472,2026-02-10,DDS-UP-7889,1,2026-05-22,low,valid,valid
DDS-26-00883,Stonehouse Marketing Ltd,"Dublin, Ireland",IE1234567,Killeen Paper Mills,wood,4818,Toilet tissue rolls,14717.9,195259.89802577774,IE,52.06528696170128,-8.778243226963092,2026-09-23,DDS-UP-9900,1,2026-10-29,low,valid,valid
DDS-26-00884,Stonehouse Marketing Ltd,"Dublin, Ireland",IE1234567,Millbrook Oils,cattle,2309,Beef pet food complete,11775.4,163878.72620538456,IE,53.008826378064136,-9.182141462054675,2026-07-09,DDS-UP-1896,1,2026-08-21,low,valid,valid
DDS-25-00885,Stonehouse Marketing Ltd,"Dublin, Ireland",IE1234567,Western Hygiene Supplies,wood,4818,Toilet tissue rolls,3475.3,28907.967992070713,IE,52.67173077237852,-7.7555962989346785,2025-05-23,DDS-UP-9369,1,2025-07-18,low,valid,valid
DDS-26-00886,Stonehouse Marketing Ltd,"Dublin, Ireland",IE1234567,Atlantic Mills,wood,4401,Firelogs 700g,21380.3,291182.3091830203,IE,54.70183538560505,-8.790791749427985,2026-07-21,DDS-UP-6093,1,2026-10-21,low,valid,valid
DDS-26-00887,Stonehouse Marketing Ltd,"Dublin, Ireland",IE1234567,Millbrook Oils,wood,4401,Firelogs 700g,2873.2,30636.630632027944,IE,52.00142618566831,-8.740933744524629,2026-09-04,DDS-UP-8761,1,2026-10-11,low,valid,valid
DDS-25-00888,Stonehouse Marketing Ltd,"Dublin, Ireland",IE1234567,Millbrook Oils,soy,2309,Complete dog food (soy),6876.7,80477.68389095897,BR,-10.548841417222553,-55.947868172371294,2025-01-09,DDS-UP-8194,1,2025-04-04,standard,valid,valid
DDS-25-00889,Stonehouse Marketing Ltd,"Dublin, Ireland",IE1234567,Millbrook Oils,wood,4818,Toilet tissue rolls,18670.8,181791.87010419767,IE,52.225058554527536,-6.966204528716236,2025-02-27,DDS-UP-8801,1,2025-04-10,low,valid,valid
DDS-26-00890,Stonehouse Marketing Ltd,"Dublin, Ireland",IE1234567,Western Hygiene Supplies,soy,1507,Soybean oil blend,11867.1,115117.19897448605,BR,-9.996901021707476,-55.326432338673904,2026-04-17,,1,2026-06-01,standard,flagged: missing_prior,missing_prior
DDS-26-00891,Stonehouse Marketing Ltd,"Dublin, Ireland",IE1234567,Millbrook Oils,wood,4401,Firelogs 700g,11389.7,100637.35207069763,IE,52.70828470961936,-7.264673036699989,2026-07-24,,1,2026-10-20,low,valid,valid
DDS-25-00892,Stonehouse Marketing Ltd,"Dublin, Ireland",IE1234567,Longford Fuels,wood,4818,Toilet tissue rolls,22612.5,201441.56328841712,BR,-10.926757011548318,-53.932481284565725,2025-09-04,,1,2025-12-26,standard,flagged: missing_prior,missing_prior
DDS-25-00893,Stonehouse Marketing Ltd,"Dublin, Ireland",IE1234567,Atlantic Mills,cattle,2309,Beef pet food complete,7921.8,85797.16483032514,IE,53.94554699939483,-6.839909398405866,2025-01-29,DDS-UP-8925,1,2025-05-23,low,valid,valid
DDS-25-00894,Stonehouse Marketing Ltd,"Dublin, Ireland",IE1234567,Atlantic Mills,wood,4818,Toilet tissue rolls,8439.9,98787.7647348206,IE,53.32094067131127,-7.223284699199336,2025-02-10,,1,2025-05-02,low,valid,valid
DDS-26-00895,Stonehouse Marketing Ltd,"Dublin, Ireland",IE1234567,Connolly Pet Foods,wood,4818,Toilet tissue rolls,23388.7,300575.96977975126,IE,53.99863250462367,-8.504887069094023,2026-03-08,DDS-UP-4793,1,2026-05-07,low,valid,valid
DDS-26-00896,Stonehouse Marketing Ltd,"Dublin, Ireland",IE1234567,Western Hygiene Supplies,wood,4818,Toilet tissue rolls,2017.2,17019.70172423651,SE,60.78448947874769,14.652250388767134,2026-09-27,DDS-UP-1613,1,2026-12-13,low,valid,valid
DDS-26-00897,Stonehouse Marketing Ltd,"Dublin, Ireland",IE1234567,Connolly Pet Foods,wood,4401,Firelogs 700g,3763.8,41200.88125972681,SE,61.37065253646822,14.463477643750482,2026-02-06,DDS-UP-4272,1,2026-06-02,low,valid,valid
DDS-26-00898,Stonehouse Marketing Ltd,"Dublin, Ireland",IE1234567,Killeen Paper Mills,wood,4818,Toilet tissue rolls,2607.4,33531.3024102406,IE,52.28626874612412,-6.758486777651397,2026-07-23,DDS-UP-2576,1,2026-08-22,low,valid,valid
DDS-25-00899,Stonehouse Marketing Ltd,"Dublin, Ireland",IE1234567,Atlantic Mills,wood,4818,Toilet tissue rolls,23964.7,219057.04271753816,IE,53.4397425278535,-8.984104652537898,2024-12-08,,1,2025-02-02,low,valid,valid
DDS-26-00900,Stonehouse Marketing Ltd,"Dublin, Ireland",IE1234567,Killeen Paper Mills,wood,4401,Firelogs 700g,20139.1,229886.10535187923,IE,52.85631815693866,-7.34456340894649,2025-12-27,DDS-UP-7162,1,2026-02-11,low,valid,valid
DDS-26-00901,Stonehouse Marketing Ltd,"Dublin, Ireland",IE1234567,Longford Fuels,cattle,2309,Beef pet food complete,1052.3,13647.16400563996,IE,52.15378248614174,-8.508279483359777,2025-12-29,,1,2026-03-18,low,valid,valid
DDS-24-00902,Stonehouse Marketing Ltd,"Dublin, Ireland",IE1234567,Millbrook Oils,cattle,2309,Beef pet food complete,6414.3,75123.44450600707,IE,54.414420007717524,-6.295655546604046,2024-05-12,DDS-UP-9192,1,2024-08-19,low,valid,valid
DDS-25-00903,Stonehouse Marketing Ltd,"Dublin, Ireland",IE1234567,Western Hygiene Supplies,cattle,2309,Beef pet food complete,1290.7,16247.867874563808,IE,53.21293611981556,-6.447825987973796,2025-03-20,DDS-UP-4285,1,2025-05-06,low,valid,valid
DDS-26-00904,Stonehouse Marketing Ltd,"Dublin, Ireland",IE1234567,Western Hygiene Supplies,wood,4818,Toilet tissue rolls,6272.6,52844.0115698006,SE,59.58882750997337,15.772034294828835,2026-08-11,DDS-UP-1579,1,2026-11-02,low,valid,valid
DDS-26-00905,Stonehouse Marketing Ltd,"Dublin, Ireland",IE1234567,Longford Fuels,wood,4401,Firelogs 700g,18221.6,216873.88063439674,IE,52.04178046481725,-7.545724244145196,2026-09-01,DDS-UP-9136,1,2026-11-25,low,valid,valid
DDS-26-00906,Stonehouse Marketing Ltd,"Dublin, Ireland",IE1234567,Western Hygiene Supplies,wood,4401,Firelogs 700g,19453.5,256042.4310111671,IE,54.42934940244553,-8.516734589157032,2026-07-21,,1,2026-11-15,low,valid,valid
DDS-25-00907,Stonehouse Marketing Ltd,"Dublin, Ireland",IE1234567,Killeen Paper Mills,cattle,2309,Beef pet food complete,11028.1,96032.20229512856,IE,53.24652001676277,-8.038625630013314,2025-05-17,DDS-UP-3257,1,2025-09-02,low,valid,valid
DDS-24-00908,Stonehouse Marketing Ltd,"Dublin, Ireland",IE1234567,Killeen Paper Mills,soy,1507,Soybean oil blend,2753.8,36708.18712753985,BR,-11.419063113410942,-55.190425509555595,2024-04-10,DDS-UP-7767,1,2024-07-17,standard,valid,valid
DDS-26-00909,Stonehouse Marketing Ltd,"Dublin, Ireland",IE1234567,Western Hygiene Supplies,wood,44x1,Firelogs 700g,1888.0,21928.168601976387,BR,-11.955304320009295,-54.340519452469294,2026-06-24,DDS-UP-5630,1,2026-08-24,standard,flagged: invalid_hs,invalid_hs
DDS-26-00910,Stonehouse Marketing Ltd,"Dublin, Ireland",IE1234567,Western Hygiene Supplies,soy,1507,Soybean oil blend,6629.9,85396.75191236575,BR,-10.806544047325074,-54.527251538879206,2026-03-03,DDS-UP-9108,1,2026-04-30,standard,valid,valid
DDS-26-00911,Stonehouse Marketing Ltd,"Dublin, Ireland",IE1234567,Killeen Paper Mills,wood,4818,Toilet tissue rolls,13407.7,111605.49642899264,IE,52.90080090418923,-7.545782474591954,2026-07-13,DDS-UP-9870,1,2026-10-03,low,valid,valid
DDS-24-00912,Stonehouse Marketing Ltd,"Dublin, Ireland",IE1234567,Millbrook Oils,cattle,2309,Beef pet food complete,6148.1,62921.74520294028,IE,52.63935153659685,-8.589335194705818,2024-10-11,,1,2024-11-28,low,valid,valid
DDS-26-00913,Stonehouse Marketing Ltd,"Dublin, Ireland",IE1234567,Western Hygiene Supplies,wood,4818,Toilet tissue rolls,12723.2,124718.87643292376,IE,53.12083222977611,-6.907424056818419,2026-10-20,DDS-UP-5554,1,2026-11-29,low,valid,valid
DDS-25-00914,Stonehouse Marketing Ltd,"Dublin, Ireland",IE1234567,Connolly Pet Foods,wood,4818,Toilet tissue rolls,1588.2,17779.822172436063,SE,59.75180877958292,13.556545433315026,2025-05-16,DDS-UP-4021,1,2025-09-07,low,valid,valid
DDS-26-00915,Stonehouse Marketing Ltd,"Dublin, Ireland",IE1234567,Longford Fuels,wood,4818,Toilet tissue rolls,23106.1,266777.29474519,IE,52.8434136153137,-9.122023693247423,2026-02-18,,1,2026-03-23,low,valid,valid
DDS-26-00916,Stonehouse Marketing Ltd,"Dublin, Ireland",IE1234567,Atlantic Mills,wood,4818,Toilet tissue rolls,18933.8,259674.06716605544,SE,59.90222803054174,14.782647567598804,2026-03-01,,1,2026-06-25,low,flagged: missing_prior,missing_prior
DDS-26-00917,Stonehouse Marketing Ltd,"Dublin, Ireland",IE1234567,Millbrook Oils,wood,4818,Toilet tissue rolls,6872.5,95910.40021369905,BR,-10.39571585960308,-55.22849493684018,2026-04-18,,1,2026-06-17,standard,flagged: missing_prior,missing_prior
DDS-24-00918,Stonehouse Marketing Ltd,"Dublin, Ireland",IE1234567,Killeen Paper Mills,wood,48x8,Toilet tissue rolls,19397.8,197278.90813853027,IE,54.19876677131501,-6.34709830415861,2024-05-16,DDS-UP-7465,1,2024-09-07,low,flagged: invalid_hs,invalid_hs
DDS-25-00919,Stonehouse Marketing Ltd,"Dublin, Ireland",IE1234567,Atlantic Mills,wood,4818,Toilet tissue rolls,8364.2,67780.13211825294,IE,54.11469178813694,-9.162982651793069,2025-05-23,DDS-UP-3929,1,2025-06-23,low,valid,valid
DDS-25-00920,Stonehouse Marketing Ltd,"Dublin, Ireland",IE1234567,Western Hygiene Supplies,wood,4401,Firelogs 700g,14699.5,156441.44400636232,BR,-10.559376270225426,-53.96702400840949,2025-01-10,DDS-UP-6145,1,2025-03-14,standard,valid,valid
DDS-26-00921,Stonehouse Marketing Ltd,"Dublin, Ireland",IE1234567,Killeen Paper Mills,cattle,2309,Beef pet food complete,21845.4,179809.72046346075,IE,54.40716611508121,-8.81833255974757,2025-12-14,DDS-UP-4812,1,2026-04-10,low,valid,valid
DDS-25-00922,Stonehouse Marketing Ltd,"Dublin, Ireland",IE1234567,Atlantic Mills,wood,44x1,Firelogs 700g,24803.3,278854.77428851527,IE,52.75200330857833,-7.539776820301466,2025-02-19,,1,2025-03-26,low,flagged: invalid_hs,invalid_hs
DDS-26-00923,Stonehouse Marketing Ltd,"Dublin, Ireland",IE1234567,Killeen Paper Mills,wood,44x1,Firelogs 700g,5499.0,72889.8984447724,IE,52.03243742824207,-7.868561947796138,2025-11-14,DDS-UP-7815,1,2026-01-01,low,flagged: invalid_hs,invalid_hs
DDS-26-00924,Stonehouse Marketing Ltd,"Dublin, Ireland",IE1234567,Longford Fuels,wood,4818,Toilet tissue rolls,12031.8,107827.51067153222,IE,52.88086083833096,-6.274703512903955,2026-09-18,,1,2026-10-23,low,valid,valid
DDS-25-00925,Stonehouse Marketing Ltd,"Dublin, Ireland",IE1234567,Longford Fuels,wood,4818,Toilet tissue rolls,13014.5,149522.53622087504,IE,53.57368230429743,-8.881303688681763,2024-12-23,,1,2025-03-07,low,valid,valid
DDS-24-00926,Stonehouse Marketing Ltd,"Dublin, Ireland",IE1234567,Atlantic Mills,soy,2309,Complete dog food (soy),2421.9,33874.819367584634,BR,-10.251941262947033,-54.52882200346306,2024-08-28,DDS-UP-4679,1,2024-12-16,standard,valid,valid
DDS-26-00927,Stonehouse Marketing Ltd,"Dublin, Ireland",IE1234567,Western Hygiene Supplies,wood,4401,Firelogs 700g,15374.0,147822.49089224453,IE,53.99913698258793,-6.657214760516295,2025-10-05,DDS-UP-9525,1,2026-01-16,low,valid,valid
DDS-25-00928,Stonehouse Marketing Ltd,"Dublin, Ireland",IE1234567,Connolly Pet Foods,wood,4818,Toilet tissue rolls,8213.0,87633.07890204218,IE,52.52922002819938,-6.897069757190167,2025-05-28,,1,2025-08-18,low,valid,valid
DDS-26-00929,Stonehouse Marketing Ltd,"Dublin, Ireland",IE1234567,Millbrook Oils,wood,4818,Toilet tissue rolls,6143.6,79663.61042298509,IE,53.316930328528066,-6.456093464144387,2026-03-13,,1,2026-04-28,low,valid,valid
DDS-26-00930,Stonehouse Marketing Ltd,"Dublin, Ireland",IE1234567,Millbrook Oils,soy,2309,Complete dog food (soy),6876.8,71869.5519377867,BR,-9.2722027881231,-54.477684618873404,2026-02-02,DDS-UP-6142,1,2026-05-07,standard,valid,valid
DDS-26-00931,Stonehouse Marketing Ltd,"Dublin, Ireland",IE1234567,Connolly Pet Foods,soy,1507,Soybean oil blend,880.1,10797.323126262567,AR,-33.60211070146916,-63.18206507269805,2026-07-26,DDS-UP-5315,1,2026-10-24,standard,valid,valid
DDS-26-00932,Stonehouse Marketing Ltd,"Dublin, Ireland",IE1234567,Western Hygiene Supplies,cattle,2309,Beef pet food complete,3743.3,50255.9075669221,IE,51.902227006119304,-7.905740406574351,2026-03-12,,1,2026-05-26,low,valid,valid
DDS-25-00933,Stonehouse Marketing Ltd,"Dublin, Ireland",IE1234567,Longford Fuels,wood,48x8,Toilet tissue rolls,14991.2,205372.1592928475,IE,52.524304721772296,-8.319824324867957,2025-05-02,DDS-UP-1741,1,2025-07-23,low,flagged: invalid_hs,invalid_hs
DDS-26-00934,Stonehouse Marketing Ltd,"Dublin, Ireland",IE1234567,Atlantic Mills,wood,4401,Firelogs 700g,4994.5,68023.73487924345,IE,53.10707043310905,-6.927019805972888,2026-04-24,,1,2026-06-03,low,valid,valid
DDS-25-00935,Stonehouse Marketing Ltd,"Dublin, Ireland",IE1234567,Longford Fuels,wood,4818,Toilet tissue rolls,11245.4,96501.18124637735,IE,53.5791448318185,-7.178278726725175,2025-09-05,DDS-UP-5576,1,2025-11-12,low,valid,valid
DDS-25-00936,Stonehouse Marketing Ltd,"Dublin, Ireland",IE1234567,Connolly Pet Foods,wood,4401,Firelogs 700g,7488.8,61794.63132095578,IE,53.35303292491961,-7.624419069741036,2025-11-04,DDS-UP-3923,1,2025-12-30,low,valid,valid
DDS-25-00937,Stonehouse Marketing Ltd,"Dublin, Ireland",IE1234567,Killeen Paper Mills,wood,4818,Toilet tissue rolls,3404.5,30694.7154046875,IE,54.43875122998977,-8.256897824269537,2025-06-01,DDS-UP-8191,1,2025-08-03,low,valid,valid
DDS-24-00938,Stonehouse Marketing Ltd,"Dublin, Ireland",IE1234567,Killeen Paper Mills,soy,1507,Soybean oil blend,14028.0,193013.2189833802,AR,,,2024-08-27,DDS-UP-3766,1,2024-12-04,standard,flagged: missing_geo,missing_geo
DDS-25-00939,Stonehouse Marketing Ltd,"Dublin, Ireland",IE1234567,Longford Fuels,wood,4401,Firelogs 700g,23574.2,306139.9099949898,IE,53.26509768439467,-6.732805375178666,2025-06-19,DDS-UP-8288,1,2025-08-25,low,valid,valid
DDS-26-00940,Stonehouse Marketing Ltd,"Dublin, Ireland",IE1234567,Connolly Pet Foods,soy,2309,Complete dog food (soy),6944.9,86045.93907663059,AR,-32.74244898904687,-65.14017823090244,2026-09-03,,1,2026-10-17,standard,flagged: missing_prior,missing_prior
DDS-24-00941,Stonehouse Marketing Ltd,"Dublin, Ireland",IE1234567,Killeen Paper Mills,soy,1507,Soybean oil blend,12923.0,109128.67443991169,US,39.7328326059875,-95.83267467333313,2024-04-22,DDS-UP-9402,1,2024-08-18,low,valid,valid
DDS-26-00942,Stonehouse Marketing Ltd,"Dublin, Ireland",IE1234567,Longford Fuels,wood,4818,Toilet tissue rolls,5164.8,60757.21090863197,SE,59.900132872919116,16.297104001904362,2026-06-11,DDS-UP-1583,1,2026-08-11,low,valid,valid
DDS-25-00943,Stonehouse Marketing Ltd,"Dublin, Ireland",IE1234567,Killeen Paper Mills,wood,4818,Toilet tissue rolls,12370.4,113701.76227534378,IE,54.62948710516563,-7.179957106806079,2025-03-28,DDS-UP-9138,1,2025-05-08,low,valid,valid
DDS-24-00944,Stonehouse Marketing Ltd,"Dublin, Ireland",IE1234567,Millbrook Oils,soy,1507,Soybean oil blend,15474.8,148224.48794270924,US,39.74833792926794,-96.49040686858478,2024-05-18,,1,2024-08-04,low,flagged: missing_prior,missing_prior
DDS-26-00945,Stonehouse Marketing Ltd,"Dublin, Ireland",IE1234567,Longford Fuels,wood,4401,Firelogs 700g,21097.0,230829.27813052924,IE,52.84611132631226,-7.608616587737032,2026-08-12,,1,2026-11-30,low,valid,valid
DDS-24-00946,Stonehouse Marketing Ltd,"Dublin, Ireland",IE1234567,Longford Fuels,wood,4818,Toilet tissue rolls,10780.1,93732.05404319585,IE,53.24287715767511,-8.910400300794903,2024-07-24,DDS-UP-5053,1,2024-10-21,low,valid,valid
DDS-24-00947,Stonehouse Marketing Ltd,"Dublin, Ireland",IE1234567,Connolly Pet Foods,soy,1507,Soybean oil blend,21083.0,255596.1998505095,AR,-34.457264273681446,-64.30573207054692,2024-10-13,,1,2024-11-15,standard,flagged: missing_prior,missing_prior
DDS-24-00948,Stonehouse Marketing Ltd,"Dublin, Ireland",IE1234567,Longford Fuels,wood,4818,Toilet tissue rolls,6909.3,72901.376339574,IE,54.46943183953289,-6.851516316629816,2024-05-21,DDS-UP-7412,1,2024-07-23,low,valid,valid
DDS-26-00949,Stonehouse Marketing Ltd,"Dublin, Ireland",IE1234567,Longford Fuels,soy,2309,Complete dog food (soy),11467.1,145372.00460304721,BR,-9.81543945776787,-55.48047532954217,2026-07-16,DDS-UP-3728,1,2026-08-29,standard,valid,valid
DDS-24-00950,Stonehouse Marketing Ltd,"Dublin, Ireland",IE1234567,Atlantic Mills,soy,2309,Complete dog food (soy),1017.4,12820.310613665353,AR,-34.510947470459,-63.68511638328953,2024-01-05,DDS-UP-6460,1,2024-04-14,standard,valid,valid
DDS-26-00951,Stonehouse Marketing Ltd,"Dublin, Ireland",IE1234567,Millbrook Oils,wood,4818,Toilet tissue rolls,10190.4,91391.83874451782,IE,52.4313901773564,-7.593582011794155,2026-10-05,,1,2026-12-21,low,valid,valid
DDS-24-00952,Stonehouse Marketing Ltd,"Dublin, Ireland",IE1234567,Western Hygiene Supplies,wood,4818,Toilet tissue rolls,19000.5,207284.0485292646,IE,54.00000304837607,-6.379958611421864,2024-04-09,DDS-UP-9216,1,2024-05-29,low,valid,valid
DDS-24-00953,Stonehouse Marketing Ltd,"Dublin, Ireland",IE1234567,Atlantic Mills,wood,4818,Toilet tissue rolls,3529.2,31011.64202543779,IE,53.69466651020374,-7.135789907411291,2024-03-20,,1,2024-05-23,low,valid,valid
DDS-26-00954,Stonehouse Marketing Ltd,"Dublin, Ireland",IE1234567,Western Hygiene Supplies,soy,2309,Complete dog food (soy),861.2,7674.226696248057,BR,-10.486471010995368,-54.38953227335842,2026-03-14,,1,2026-06-27,standard,flagged: missing_prior,missing_prior
DDS-25-00955,Stonehouse Marketing Ltd,"Dublin, Ireland",IE1234567,Millbrook Oils,cattle,2309,Beef pet food complete,18715.3,179397.7489583866,IE,53.617074742748656,-8.263430887801087,2025-03-19,DDS-UP-8518,1,2025-07-10,low,valid,valid
DDS-25-00956,Stonehouse Marketing Ltd,"Dublin, Ireland",IE1234567,Longford Fuels,wood,4401,Firelogs 700g,12342.1,116851.1054911668,IE,53.08860371022811,-8.533241128171541,2025-08-28,,1,2025-09-29,low,valid,valid
DDS-26-00957,Stonehouse Marketing Ltd,"Dublin, Ireland",IE1234567,Connolly Pet Foods,soy,1507,Soybean oil blend,5989.5,56257.536438047166,AR,-32.645627847923244,-63.21189885109854,2026-03-29,,1,2026-06-14,standard,flagged: missing_prior,missing_prior
DDS-26-00958,Stonehouse Marketing Ltd,"Dublin, Ireland",IE1234567,Western Hygiene Supplies,wood,4401,Firelogs 700g,2837.0,24123.95477321542,IE,52.73182945994516,-8.768686221323591,2026-01-18,DDS-UP-9025,1,2026-04-09,low,valid,valid
DDS-25-00959,Stonehouse Marketing Ltd,"Dublin, Ireland",IE1234567,Connolly Pet Foods,wood,4401,Firelogs 700g,6674.6,54858.92626079485,IE,53.969097241155424,-7.500082383440846,2024-12-04,DDS-UP-6535,1,2025-04-01,low,valid,valid
DDS-26-00960,Stonehouse Marketing Ltd,"Dublin, Ireland",IE1234567,Connolly Pet Foods,wood,4401,Firelogs 700g,13866.9,169914.02431694095,IE,51.816715309056896,-7.128807984086331,2026-04-10,DDS-UP-4862,1,2026-07-14,low,valid,valid
DDS-25-00961,Stonehouse Marketing Ltd,"Dublin, Ireland",IE1234567,Western Hygiene Supplies,wood,4401,Firelogs 700g,9704.3,121195.96022108893,IE,53.99920794847833,-6.436308825648341,2025-08-27,,1,2025-10-17,low,valid,valid
DDS-25-00962,Stonehouse Marketing Ltd,"Dublin, Ireland",IE1234567,Atlantic Mills,wood,4818,Toilet tissue rolls,20177.3,162539.2723150656,SE,58.94099377033998,16.156508499924442,2025-11-04,DDS-UP-9963,1,2025-12-19,low,valid,valid
DDS-26-00963,Stonehouse Marketing Ltd,"Dublin, Ireland",IE1234567,Millbrook Oils,wood,4818,Toilet tissue rolls,22293.9,248343.0649953896,IE,54.56591065258293,-7.169950520893016,2025-11-16,DDS-UP-3718,1,2026-01-11,low,valid,valid
DDS-25-00964,Stonehouse Marketing Ltd,"Dublin, Ireland",IE1234567,Killeen Paper Mills,soy,2309,Complete dog food (soy),23437.0,307361.65488255734,US,38.613759924159496,-94.68644665365132,2025-10-12,,1,2025-11-28,low,flagged: missing_prior,missing_prior
DDS-25-00965,Stonehouse Marketing Ltd,"Dublin, Ireland",IE1234567,Connolly Pet Foods,wood,4818,Toilet tissue rolls,2142.7,19554.379968744695,IE,53.22161125711697,-8.246935914092445,2024-09-29,,1,2025-01-25,low,valid,valid
DDS-26-00966,Stonehouse Marketing Ltd,"Dublin, Ireland",IE1234567,Western Hygiene Supplies,wood,4818,Toilet tissue rolls,9086.1,73459.09170671877,IE,52.084143702561576,-7.325081707491858,2026-01-17,DDS-UP-4703,1,2026-03-12,low,valid,valid
DDS-25-00967,Stonehouse Marketing Ltd,"Dublin, Ireland",IE1234567,Millbrook Oils,wood,4818,Toilet tissue rolls,19291.2,228592.9288156267,SE,61.20427947549892,15.253405155151853,2025-04-27,,1,2025-06-21,low,flagged: missing_prior,missing_prior
DDS-25-00968,Stonehouse Marketing Ltd,"Dublin, Ireland",IE1234567,Western Hygiene Supplies,wood,4818,Toilet tissue rolls,3604.3,45529.05659584599,IE,53.991974234948486,-8.3600433995204,2025-01-21,DDS-UP-7274,1,2025-05-06,low,valid,valid
DDS-26-00969,Stonehouse Marketing Ltd,"Dublin, Ireland",IE1234567,Killeen Paper Mills,wood,4401,Firelogs 700g,4618.4,39478.219966183024,BR,-9.788203421130703,-54.65233842279397,2026-07-15,,1,2026-10-31,standard,flagged: missing_prior,missing_prior
DDS-26-00970,Stonehouse Marketing Ltd,"Dublin, Ireland",IE1234567,Western Hygiene Supplies,wood,4818,Toilet tissue rolls,3855.9,41759.91548749315,IE,54.42384226918772,-8.229986372341497,2026-08-15,,1,2026-10-22,low,valid,valid
DDS-25-00971,Stonehouse Marketing Ltd,"Dublin, Ireland",IE1234567,Connolly Pet Foods,wood,4401,Firelogs 700g,9197.3,77893.7544746865,IE,53.480435405520645,-8.068071345077762,2025-05-26,,1,2025-09-10,low,valid,valid
DDS-26-00972,Stonehouse Marketing Ltd,"Dublin, Ireland",IE1234567,Connolly Pet Foods,soy,2309,Complete dog food (soy),14231.9,161495.49624435863,US,40.33646979854487,-93.99918519829802,2026-03-18,DDS-UP-5104,1,2026-06-11,low,valid,valid
DDS-26-00973,Stonehouse Marketing Ltd,"Dublin, Ireland",IE1234567,Longford Fuels,cattle,2309,Beef pet food complete,18348.0,166490.3684943712,IE,54.398415315874374,-6.633883060528133,2026-06-24,DDS-UP-4129,1,2026-07-25,low,valid,valid
DDS-25-00974,Stonehouse Marketing Ltd,"Dublin, Ireland",IE1234567,Longford Fuels,wood,4818,Toilet tissue rolls,22937.3,188112.67708048533,IE,52.38466582012805,-7.441434775805682,2025-05-11,DDS-UP-1212,1,2025-07-15,low,valid,valid
DDS-25-00975,Stonehouse Marketing Ltd,"Dublin, Ireland",IE1234567,Western Hygiene Supplies,wood,4401,Firelogs 700g,24292.9,329544.0968709241,IE,54.78721354519201,-7.087206541306422,2025-01-31,,1,2025-05-18,low,valid,valid
DDS-26-00976,Stonehouse Marketing Ltd,"Dublin, Ireland",IE1234567,Western Hygiene Supplies,wood,4401,Firelogs 700g,1435.7,13009.518072590385,IE,53.220345248653054,-6.575189505944808,2026-05-25,DDS-UP-3509,1,2026-07-10,low,valid,valid
DDS-26-00977,Stonehouse Marketing Ltd,"Dublin, Ireland",IE1234567,Longford Fuels,wood,4818,Toilet tissue rolls,2888.1,35883.83901061076,SE,58.95828029489625,14.830134018603223,2026-03-31,DDS-UP-4181,1,2026-06-11,low,valid,valid
DDS-26-00978,Stonehouse Marketing Ltd,"Dublin, Ireland",IE1234567,Millbrook Oils,soy,2309,Complete dog food (soy),18192.3,189546.27425044417,US,38.44944085697241,-94.37207313993841,2026-07-05,DDS-UP-1232,1,2026-10-28,low,valid,valid
DDS-26-00979,Stonehouse Marketing Ltd,"Dublin, Ireland",IE1234567,Western Hygiene Supplies,cattle,2309,Beef pet food complete,4728.3,49436.783556078924,IE,54.275142630069546,-7.695422918777601,2026-03-05,DDS-UP-4255,1,2026-06-24,low,valid,valid
DDS-25-00980,Stonehouse Marketing Ltd,"Dublin, Ireland",IE1234567,Longford Fuels,cattle,23x9,Beef pet food complete,11923.2,101692.63563526026,IE,51.80967314789812,-8.378710582243814,2025-06-26,,1,2025-08-06,low,flagged: invalid_hs,invalid_hs
DDS-24-00981,Stonehouse Marketing Ltd,"Dublin, Ireland",IE1234567,Killeen Paper Mills,wood,4818,Toilet tissue rolls,19824.0,262929.4851346342,IE,52.75250386575941,-7.320125175287599,2024-02-14,DDS-UP-7136,1,2024-04-15,low,valid,valid
DDS-26-00982,Stonehouse Marketing Ltd,"Dublin, Ireland",IE1234567,Atlantic Mills,wood,4818,Toilet tissue rolls,3752.0,33177.2717713131,IE,54.627972253445066,-6.606242276927396,2026-04-29,DDS-UP-5703,1,2026-07-08,low,valid,valid
DDS-26-00983,Stonehouse Marketing Ltd,"Dublin, Ireland",IE1234567,Longford Fuels,wood,4818,Toilet tissue rolls,17590.2,179097.77328616544,SE,59.41839827187885,14.09767393418652,2026-08-27,DDS-UP-9026,1,2026-12-17,low,valid,valid
DDS-26-00984,Stonehouse Marketing Ltd,"Dublin, Ireland",IE1234567,Millbrook Oils,wood,4401,Firelogs 700g,9949.2,105492.56535640918,SE,60.66111961972111,14.011423923896203,2026-08-07,DDS-UP-4451,1,2026-11-27,low,valid,valid
DDS-25-00985,Stonehouse Marketing Ltd,"Dublin, Ireland",IE1234567,Atlantic Mills,soy,2309,Complete dog food (soy),19960.2,215692.4997405739,AR,-34.87765912691844,-63.40103852074242,2025-11-22,DDS-UP-4452,1,2025-12-26,standard,valid,valid
DDS-25-00986,Stonehouse Marketing Ltd,"Dublin, Ireland",IE1234567,Longford Fuels,soy,2309,Complete dog food (soy),9620.9,83006.02531339026,AR,-33.606659005885746,-64.07437054500397,2025-09-10,DDS-UP-1554,1,2025-11-24,standard,valid,valid
DDS-26-00987,Stonehouse Marketing Ltd,"Dublin, Ireland",IE1234567,Western Hygiene Supplies,soy,2309,Complete dog food (soy),5084.2,46352.47019366091,BR,-10.735776711803021,-55.49586256586004,2026-03-22,DDS-UP-3666,1,2026-04-23,standard,valid,valid
DDS-26-00988,Stonehouse Marketing Ltd,"Dublin, Ireland",IE1234567,Connolly Pet Foods,wood,4818,Toilet tissue rolls,20935.4,228098.41731722522,IE,53.58072425520342,-7.1165046862892405,2026-04-06,DDS-UP-7114,1,2026-06-26,low,valid,valid
DDS-26-00989,Stonehouse Marketing Ltd,"Dublin, Ireland",IE1234567,Millbrook Oils,wood,4818,Toilet tissue rolls,3142.5,32696.143651809165,BR,-9.36770186049559,-54.21048102673692,2026-09-22,DDS-UP-5413,1,2026-10-25,standard,valid,valid
DDS-26-00990,Stonehouse Marketing Ltd,"Dublin, Ireland",IE1234567,Millbrook Oils,wood,4818,Toilet tissue rolls,5362.3,47077.48148384173,IE,52.701748297063894,-7.4094465352914725,2026-03-21,,1,2026-06-01,low,valid,valid
DDS-24-00991,Stonehouse Marketing Ltd,"Dublin, Ireland",IE1234567,Longford Fuels,cattle,2309,Beef pet food complete,11738.5,108022.83270798909,IE,52.07119594758615,-6.821409674752733,2024-10-13,DDS-UP-1013,1,2024-12-04,low,valid,valid
DDS-24-00992,Stonehouse Marketing Ltd,"Dublin, Ireland",IE1234567,Killeen Paper Mills,wood,4818,Toilet tissue rolls,4276.4,43055.95487198546,IE,,,2024-06-17,DDS-UP-7131,1,2024-09-15,low,flagged: missing_geo,missing_geo
DDS-25-00993,Stonehouse Marketing Ltd,"Dublin, Ireland",IE1234567,Connolly Pet Foods,wood,4401,Firelogs 700g,17802.5,176425.27074772547,IE,,,2025-07-16,,1,2025-09-01,low,flagged: missing_geo,missing_geo
DDS-26-00994,Stonehouse Marketing Ltd,"Dublin, Ireland",IE1234567,Millbrook Oils,wood,4818,Toilet tissue rolls,10149.3,140277.0681336631,IE,52.64958380057941,-7.1757511676019705,2026-09-03,DDS-UP-9000,1,2026-10-06,low,valid,valid
DDS-25-00995,Stonehouse Marketing Ltd,"Dublin, Ireland",IE1234567,Western Hygiene Supplies,wood,4818,Toilet tissue rolls,15458.9,183550.68661854634,IE,54.103531778644566,-8.09260230148702,2025-06-10,,1,2025-07-27,low,valid,valid
DDS-25-00996,Stonehouse Marketing Ltd,"Dublin, Ireland",IE1234567,Killeen Paper Mills,wood,4401,Firelogs 700g,10929.9,118960.07349986816,IE,52.70581375588627,-8.921448942879142,2025-07-07,DDS-UP-7337,1,2025-09-08,low,valid,valid
DDS-26-00997,Stonehouse Marketing Ltd,"Dublin, Ireland",IE1234567,Connolly Pet Foods,soy,1507,Soybean oil blend,20252.6,211170.64600958145,BR,-11.50937136862689,-54.452980670690195,2026-08-09,DDS-UP-2661,1,2026-09-09,standard,valid,valid
DDS-24-00998,Stonehouse Marketing Ltd,"Dublin, Ireland",IE1234567,Atlantic Mills,wood,4818,Toilet tissue rolls,24018.1,229418.35238129308,IE,53.320911292373914,-7.1411040517384095,2023-11-26,DDS-UP-1893,1,2024-03-16,low,valid,valid
DDS-26-00999,Stonehouse Marketing Ltd,"Dublin, Ireland",IE1234567,Atlantic Mills,wood,4818,Toilet tissue rolls,8709.1,79017.98989039428,SE,61.32463260852404,15.006184757638543,2026-05-10,DDS-UP-6977,1,2026-08-02,low,valid,valid
